filename,label,hands,preprocess,confidence,quality_score,status,reasons
! (1).png,!,0,,0,0,REJECT,el_bulunamadi
! (10).png,!,0,,0,0,REJECT,el_bulunamadi
! (100).png,!,2,original,0.9681174457073212,100,ACCEPT,
! (101).png,!,2,original,0.8997601866722107,100,ACCEPT,
! (102).png,!,2,original,0.8805355727672577,100,ACCEPT,
! (103).png,!,2,2x_clahe,0.9702179431915283,100,ACCEPT,
! (104).png,!,2,original,0.9590918719768524,100,ACCEPT,
! (105).png,!,2,original,0.9810667932033539,100,ACCEPT,
! (11).png,!,0,,0,0,REJECT,el_bulunamadi
! (12).png,!,1,original,0.9872674942016602,100,ACCEPT,
! (13).png,!,0,,0,0,REJECT,el_bulunamadi
! (14).png,!,0,,0,0,REJECT,el_bulunamadi
! (15).png,!,1,original,0.9887081384658813,100,ACCEPT,
! (16).png,!,1,original,0.9977256655693054,100,ACCEPT,
! (17).png,!,0,,0,0,REJECT,el_bulunamadi
! (18).png,!,0,,0,0,REJECT,el_bulunamadi
! (19).png,!,0,,0,0,REJECT,el_bulunamadi
! (2).png,!,0,,0,0,REJECT,el_bulunamadi
! (20).png,!,0,,0,0,REJECT,el_bulunamadi
! (21).png,!,0,,0,0,REJECT,el_bulunamadi
! (22).png,!,0,,0,0,REJECT,el_bulunamadi
! (23).png,!,0,,0,0,REJECT,el_bulunamadi
! (24).png,!,0,,0,0,REJECT,el_bulunamadi
! (25).png,!,0,,0,0,REJECT,el_bulunamadi
! (26).png,!,0,,0,0,REJECT,el_bulunamadi
! (27).png,!,1,3x,0.9356451034545898,100,ACCEPT,
! (28).png,!,1,2x_clahe,0.9992598295211792,100,ACCEPT,
! (29).png,!,1,original,0.9806088805198669,100,ACCEPT,
! (3).png,!,0,,0,0,REJECT,el_bulunamadi
! (30).png,!,1,original,0.933781623840332,100,ACCEPT,
! (31).png,!,2,original,0.965142160654068,100,ACCEPT,
! (32).png,!,2,original,0.9877585172653198,100,ACCEPT,
! (33).png,!,2,original,0.9232285618782043,100,ACCEPT,
! (34).png,!,2,original,0.7682505249977112,100,ACCEPT,
! (35).png,!,1,2x_clahe,0.9941426515579224,100,ACCEPT,
! (36).png,!,1,2x,0.845441460609436,100,ACCEPT,
! (37).png,!,1,original,0.9878348708152771,100,ACCEPT,
! (38).png,!,2,original,0.7722570598125458,100,ACCEPT,
! (39).png,!,1,original,0.987863302230835,100,ACCEPT,
! (4).png,!,0,,0,0,REJECT,el_bulunamadi
! (40).png,!,1,2x_clahe,0.9754899144172668,100,ACCEPT,
! (41).png,!,2,original,0.8272424936294556,100,ACCEPT,
! (42).png,!,1,2x_clahe,0.8390562534332275,100,ACCEPT,
! (43).png,!,2,2x,0.9911824762821198,100,ACCEPT,
! (44).png,!,2,original,0.8070402145385742,100,ACCEPT,
! (45).png,!,1,original,0.991234302520752,100,ACCEPT,
! (46).png,!,1,original,0.9874281883239746,100,ACCEPT,
! (47).png,!,1,3x,0.9874961376190186,100,ACCEPT,
! (48).png,!,1,2x_clahe,0.9915937185287476,100,ACCEPT,
! (49).png,!,1,2x,0.9917894005775452,100,ACCEPT,
! (5).png,!,0,,0,0,REJECT,el_bulunamadi
! (50).png,!,1,original,0.9588314890861511,100,ACCEPT,
! (51).png,!,2,original,0.9951827526092529,85,ACCEPT,border_supheli
! (52).png,!,1,original,0.9843785166740417,100,ACCEPT,
! (53).png,!,2,original,0.9876674711704254,65,REVIEW,cok_fazla_border
! (54).png,!,0,,0,0,REJECT,el_bulunamadi
! (55).png,!,1,2x,0.6690162420272827,100,ACCEPT,
! (56).png,!,0,,0,0,REJECT,el_bulunamadi
! (57).png,!,1,2x_clahe,0.9992250204086304,85,ACCEPT,border_supheli
! (58).png,!,2,original,0.9985078275203705,85,ACCEPT,border_supheli
! (59).png,!,2,original,0.9975557029247284,100,ACCEPT,
! (6).png,!,0,,0,0,REJECT,el_bulunamadi
! (60).png,!,0,,0,0,REJECT,el_bulunamadi
! (61).png,!,2,2x_clahe,0.803827166557312,85,ACCEPT,spread_supheli
! (62).png,!,1,2x_clahe,0.6274640560150146,100,ACCEPT,
! (63).png,!,0,,0,0,REJECT,el_bulunamadi
! (64).png,!,0,,0,0,REJECT,el_bulunamadi
! (65).png,!,0,,0,0,REJECT,el_bulunamadi
! (66).png,!,0,,0,0,REJECT,el_bulunamadi
! (67).png,!,0,,0,0,REJECT,el_bulunamadi
! (68).png,!,0,,0,0,REJECT,el_bulunamadi
! (69).png,!,0,,0,0,REJECT,el_bulunamadi
! (70).png,!,0,,0,0,REJECT,el_bulunamadi
! (71).png,!,0,,0,0,REJECT,el_bulunamadi
! (72).png,!,0,,0,0,REJECT,el_bulunamadi
! (73).png,!,0,,0,0,REJECT,el_bulunamadi
! (74).png,!,1,2x,0.9479691982269287,20,REJECT,landmark_yigilmis|dusuk_spread
! (75).png,!,0,,0,0,REJECT,el_bulunamadi
! (77).png,!,0,,0,0,REJECT,el_bulunamadi
! (78).png,!,2,2x,0.9565559923648834,85,ACCEPT,spread_supheli
! (79).png,!,2,original,0.8995368182659149,45,REJECT,spread_supheli|landmark_alani_kucuk|dusuk_spread
! (80).png,!,1,original,0.9983989596366882,100,ACCEPT,
! (81).png,!,0,,0,0,REJECT,el_bulunamadi
! (82).png,!,0,,0,0,REJECT,el_bulunamadi
! (83).png,!,1,original,0.9750033020973206,85,ACCEPT,spread_supheli
! (84).png,!,0,,0,0,REJECT,el_bulunamadi
! (85).png,!,1,3x,0.7681781649589539,55,REVIEW,spread_supheli|palm_cok_kucuk
! (86).png,!,1,3x,0.9989749789237976,100,ACCEPT,
! (87).png,!,1,2x_clahe,0.9497055411338806,65,REVIEW,dusuk_spread
! (88).png,!,0,,0,0,REJECT,el_bulunamadi
! (89).png,!,1,2x,0.7156323790550232,85,ACCEPT,spread_supheli
! (90).png,!,0,,0,0,REJECT,el_bulunamadi
! (91).png,!,2,original,0.8891442716121674,100,ACCEPT,
! (92).png,!,2,original,0.94921875,100,ACCEPT,
! (93).png,!,2,2x_clahe,0.7728041410446167,100,ACCEPT,
! (94).png,!,2,3x,0.8215555250644684,100,ACCEPT,
! (95).png,!,2,2x_clahe,0.8613583743572235,100,ACCEPT,
! (96).png,!,2,original,0.8364828526973724,100,ACCEPT,
! (97).png,!,1,2x,0.9740510582923889,100,ACCEPT,
! (98).png,!,2,original,0.734870433807373,100,ACCEPT,
! (99).png,!,1,3x,0.9765979051589966,100,ACCEPT,
+ (1).png,+,2,original,0.9938413202762604,100,ACCEPT,
+ (10).png,+,2,original,0.9959825873374939,100,ACCEPT,
+ (100).png,+,2,2x,0.7800926864147186,80,ACCEPT,landmark_alani_kucuk
+ (101).png,+,2,original,0.9888004958629608,100,ACCEPT,
+ (102).png,+,2,original,0.8726867735385895,100,ACCEPT,
+ (103).png,+,2,original,0.9765955209732056,100,ACCEPT,
+ (104).png,+,2,original,0.9878737032413483,100,ACCEPT,
+ (105).png,+,2,original,0.8951838314533234,100,ACCEPT,
+ (11).png,+,2,3x,0.9910191595554352,100,ACCEPT,
+ (12).png,+,1,2x_clahe,0.9755975008010864,100,ACCEPT,
+ (13).png,+,2,original,0.9611247777938843,100,ACCEPT,
+ (14).png,+,2,original,0.9705418348312378,100,ACCEPT,
+ (15).png,+,2,original,0.9882712364196777,100,ACCEPT,
+ (16).png,+,0,,0,0,REJECT,el_bulunamadi
+ (17).png,+,1,original,0.9781611561775208,100,ACCEPT,
+ (18).png,+,0,,0,0,REJECT,el_bulunamadi
+ (19).png,+,1,original,0.9976555109024048,100,ACCEPT,
+ (2).png,+,2,original,0.9970762729644775,100,ACCEPT,
+ (20).png,+,1,2x_clahe,0.990519642829895,85,ACCEPT,border_supheli
+ (21).png,+,0,,0,0,REJECT,el_bulunamadi
+ (22).png,+,1,2x,0.9715931415557861,45,REJECT,landmark_alani_kucuk|dusuk_spread
+ (23).png,+,0,,0,0,REJECT,el_bulunamadi
+ (24).png,+,1,original,0.998516321182251,100,ACCEPT,
+ (25).png,+,0,,0,0,REJECT,el_bulunamadi
+ (26).png,+,1,2x,0.7816950082778931,100,ACCEPT,
+ (27).png,+,1,original,0.9911432266235352,100,ACCEPT,
+ (28).png,+,1,3x,0.9946349263191223,100,ACCEPT,
+ (29).png,+,2,original,0.7658889293670654,100,ACCEPT,
+ (3).png,+,1,2x,0.9961478114128113,100,ACCEPT,
+ (30).png,+,1,2x,0.9912113547325134,100,ACCEPT,
+ (31).png,+,1,original,0.9926613569259644,100,ACCEPT,
+ (32).png,+,1,2x_clahe,0.998304009437561,100,ACCEPT,
+ (33).png,+,1,2x_clahe,0.996832549571991,100,ACCEPT,
+ (34).png,+,2,original,0.9984511733055115,100,ACCEPT,
+ (35).png,+,2,original,0.9964798092842102,100,ACCEPT,
+ (36).png,+,1,2x_clahe_sharp,0.999604344367981,100,ACCEPT,
+ (37).png,+,1,original,0.9993858337402344,100,ACCEPT,
+ (38).png,+,1,2x_clahe_sharp,0.9997016191482544,100,ACCEPT,
+ (39).png,+,1,2x_clahe_sharp,0.9996256232261658,100,ACCEPT,
+ (4).png,+,1,2x_clahe_sharp,0.9834607839584351,100,ACCEPT,
+ (40).png,+,1,3x,0.977114200592041,100,ACCEPT,
+ (41).png,+,2,original,0.9640649259090424,100,ACCEPT,
+ (42).png,+,1,original,0.9901965856552124,100,ACCEPT,
+ (43).png,+,2,original,0.946863442659378,100,ACCEPT,
+ (44).png,+,2,original,0.9461185932159424,100,ACCEPT,
+ (45).png,+,2,original,0.9424237310886383,100,ACCEPT,
+ (46).png,+,1,3x,0.9979541897773743,100,ACCEPT,
+ (47).png,+,1,3x,0.9923503994941711,100,ACCEPT,
+ (48).png,+,1,2x,0.9644414186477661,100,ACCEPT,
+ (49).png,+,1,3x,0.9335300326347351,100,ACCEPT,
+ (5).png,+,2,original,0.9911412298679352,100,ACCEPT,
+ (50).png,+,1,original,0.9980928897857666,100,ACCEPT,
+ (51).png,+,2,original,0.9964110553264618,100,ACCEPT,
+ (52).png,+,2,original,0.9973434507846832,100,ACCEPT,
+ (53).png,+,2,original,0.996086984872818,100,ACCEPT,
+ (54).png,+,2,original,0.997864156961441,100,ACCEPT,
+ (55).png,+,2,original,0.9964965879917145,100,ACCEPT,
+ (56).png,+,2,original,0.9980051815509796,100,ACCEPT,
+ (57).png,+,2,original,0.9982977509498596,100,ACCEPT,
+ (58).png,+,2,original,0.9985055327415466,100,ACCEPT,
+ (59).png,+,2,original,0.9979154169559479,100,ACCEPT,
+ (6).png,+,1,2x,0.9874176383018494,100,ACCEPT,
+ (60).png,+,2,original,0.9982388615608215,100,ACCEPT,
+ (61).png,+,1,2x,0.9887878894805908,45,REJECT,landmark_alani_kucuk|dusuk_spread
+ (62).png,+,0,,0,0,REJECT,el_bulunamadi
+ (63).png,+,1,original,0.9488456845283508,45,REJECT,landmark_alani_kucuk|dusuk_spread
+ (64).png,+,0,,0,0,REJECT,el_bulunamadi
+ (65).png,+,0,,0,0,REJECT,el_bulunamadi
+ (66).png,+,0,,0,0,REJECT,el_bulunamadi
+ (67).png,+,1,3x,0.9739142060279846,100,ACCEPT,
+ (68).png,+,0,,0,0,REJECT,el_bulunamadi
+ (69).png,+,1,2x,0.8860691785812378,45,REJECT,landmark_alani_kucuk|dusuk_spread
+ (7).png,+,2,original,0.9954057335853577,100,ACCEPT,
+ (70).png,+,1,2x_clahe_sharp,0.9967213273048401,85,ACCEPT,spread_supheli
+ (71).png,+,1,2x,0.8303007483482361,100,ACCEPT,
+ (72).png,+,1,original,0.8237217664718628,100,ACCEPT,
+ (73).png,+,0,,0,0,REJECT,el_bulunamadi
+ (74).png,+,1,original,0.7165070176124573,100,ACCEPT,
+ (75).png,+,1,3x,0.6546235084533691,100,ACCEPT,
+ (77).png,+,0,,0,0,REJECT,el_bulunamadi
+ (78).png,+,1,3x,0.6310281753540039,45,REJECT,landmark_alani_kucuk|dusuk_spread
+ (79).png,+,0,,0,0,REJECT,el_bulunamadi
+ (8).png,+,2,2x_clahe_sharp,0.9755337536334991,100,ACCEPT,
+ (80).png,+,0,,0,0,REJECT,el_bulunamadi
+ (81).png,+,1,2x_clahe,0.9574872851371765,45,REJECT,landmark_alani_kucuk|dusuk_spread
+ (82).png,+,0,,0,0,REJECT,el_bulunamadi
+ (83).png,+,0,,0,0,REJECT,el_bulunamadi
+ (84).png,+,1,2x_clahe,0.9119684100151062,20,REJECT,landmark_yigilmis|dusuk_spread
+ (85).png,+,0,,0,0,REJECT,el_bulunamadi
+ (86).png,+,0,,0,0,REJECT,el_bulunamadi
+ (87).png,+,0,,0,0,REJECT,el_bulunamadi
+ (88).png,+,0,,0,0,REJECT,el_bulunamadi
+ (89).png,+,0,,0,0,REJECT,el_bulunamadi
+ (9).png,+,2,original,0.9905410408973694,100,ACCEPT,
+ (90).png,+,0,,0,0,REJECT,el_bulunamadi
+ (91).png,+,2,original,0.9961142539978027,85,ACCEPT,border_supheli
+ (92).png,+,2,original,0.9987651109695435,85,ACCEPT,border_supheli|border_supheli
+ (93).png,+,1,2x,0.9972620010375977,85,ACCEPT,border_supheli
+ (94).png,+,2,original,0.9552043974399567,85,ACCEPT,border_supheli
+ (95).png,+,2,original,0.9844138026237488,85,ACCEPT,border_supheli
+ (96).png,+,2,original,0.9724719822406769,100,ACCEPT,
+ (97).png,+,2,original,0.9842899441719055,100,ACCEPT,
+ (98).png,+,2,original,0.9952590465545654,100,ACCEPT,
+ (99).png,+,2,original,0.9835933148860931,100,ACCEPT,
", (1).png",",",1,2x_clahe,0.9991059303283691,100,ACCEPT,
", (10).png",",",1,2x_clahe_sharp,0.9993902444839478,100,ACCEPT,
", (100).png",",",2,original,0.9798246026039124,100,ACCEPT,
", (101).png",",",1,2x_clahe,0.9778507351875305,100,ACCEPT,
", (102).png",",",1,original,0.9089887142181396,100,ACCEPT,
", (103).png",",",1,3x,0.6368262767791748,100,ACCEPT,
", (104).png",",",1,original,0.9146288633346558,100,ACCEPT,
", (105).png",",",1,2x,0.9317854642868042,100,ACCEPT,
", (11).png",",",1,2x,0.9998688697814941,100,ACCEPT,
", (12).png",",",1,original,0.9978781938552856,100,ACCEPT,
", (13).png",",",1,2x_clahe_sharp,0.7288322448730469,100,ACCEPT,
", (14).png",",",0,,0,0,REJECT,el_bulunamadi
", (15).png",",",0,,0,0,REJECT,el_bulunamadi
", (16).png",",",1,2x_clahe,0.9839948415756226,100,ACCEPT,
", (17).png",",",2,original,0.9761504828929901,100,ACCEPT,
", (18).png",",",1,original,0.9890793561935425,100,ACCEPT,
", (19).png",",",1,2x,0.9790490865707397,100,ACCEPT,
", (2).png",",",0,,0,0,REJECT,el_bulunamadi
", (20).png",",",2,original,0.8956705629825592,100,ACCEPT,
", (21).png",",",1,3x,0.9916744828224182,100,ACCEPT,
", (22).png",",",1,original,0.9595999121665955,100,ACCEPT,
", (23).png",",",1,original,0.9384448528289795,100,ACCEPT,
", (24).png",",",1,original,0.9590195417404175,100,ACCEPT,
", (25).png",",",2,original,0.9924570620059967,100,ACCEPT,
", (26).png",",",2,original,0.9956981539726257,100,ACCEPT,
", (27).png",",",2,original,0.994618833065033,100,ACCEPT,
", (28).png",",",0,,0,0,REJECT,el_bulunamadi
", (29).png",",",1,2x,0.9749504327774048,100,ACCEPT,
", (3).png",",",1,2x_clahe,0.9997599124908447,100,ACCEPT,
", (30).png",",",1,3x,0.9596278667449951,100,ACCEPT,
", (31).png",",",1,original,0.9913479089736938,100,ACCEPT,
", (32).png",",",2,original,0.9844893515110016,100,ACCEPT,
", (33).png",",",1,original,0.9867371916770935,100,ACCEPT,
", (34).png",",",2,original,0.9720945358276367,100,ACCEPT,
", (35).png",",",2,original,0.9930749237537384,100,ACCEPT,
", (36).png",",",1,2x_clahe,0.9922940135002136,100,ACCEPT,
", (37).png",",",1,2x,0.911222517490387,100,ACCEPT,
", (38).png",",",2,original,0.8585200011730194,100,ACCEPT,
", (39).png",",",1,original,0.9620933532714844,100,ACCEPT,
", (4).png",",",1,2x,0.999240517616272,100,ACCEPT,
", (40).png",",",0,,0,0,REJECT,el_bulunamadi
", (41).png",",",2,original,0.9536827206611633,100,ACCEPT,
", (42).png",",",2,original,0.9235451519489288,100,ACCEPT,
", (43).png",",",2,original,0.958840399980545,100,ACCEPT,
", (44).png",",",1,2x,0.9689211845397949,100,ACCEPT,
", (45).png",",",2,original,0.969536542892456,100,ACCEPT,
", (46).png",",",1,2x,0.9561635851860046,100,ACCEPT,
", (47).png",",",1,3x,0.9904547333717346,100,ACCEPT,
", (48).png",",",2,original,0.9732146561145782,100,ACCEPT,
", (49).png",",",2,original,0.8841805458068848,100,ACCEPT,
", (5).png",",",1,original,0.9956711530685425,100,ACCEPT,
", (50).png",",",2,original,0.8755768537521362,100,ACCEPT,
", (51).png",",",0,,0,0,REJECT,el_bulunamadi
", (52).png",",",1,2x,0.995600163936615,100,ACCEPT,
", (53).png",",",2,original,0.997621089220047,100,ACCEPT,
", (54).png",",",2,original,0.991236537694931,100,ACCEPT,
", (55).png",",",1,original,0.9980049729347229,100,ACCEPT,
", (56).png",",",1,original,0.9985026717185974,100,ACCEPT,
", (57).png",",",1,original,0.99834805727005,100,ACCEPT,
", (58).png",",",2,original,0.9688250422477722,100,ACCEPT,
", (59).png",",",1,original,0.9993543028831482,100,ACCEPT,
", (6).png",",",1,original,0.9977712631225586,100,ACCEPT,
", (60).png",",",1,original,0.999141275882721,100,ACCEPT,
", (61).png",",",1,2x_clahe,0.816057562828064,85,ACCEPT,spread_supheli
", (62).png",",",0,,0,0,REJECT,el_bulunamadi
", (63).png",",",1,3x,0.9892791509628296,45,REJECT,landmark_alani_kucuk|dusuk_spread
", (64).png",",",0,,0,0,REJECT,el_bulunamadi
", (65).png",",",2,original,0.995185524225235,100,ACCEPT,
", (66).png",",",0,,0,0,REJECT,el_bulunamadi
", (67).png",",",0,,0,0,REJECT,el_bulunamadi
", (68).png",",",1,3x,0.9251905679702759,100,ACCEPT,
", (69).png",",",0,,0,0,REJECT,el_bulunamadi
", (7).png",",",0,,0,0,REJECT,el_bulunamadi
", (70).png",",",1,original,0.9838268756866455,100,ACCEPT,
", (71).png",",",2,original,0.7737933099269867,45,REJECT,landmark_alani_kucuk|dusuk_spread
", (72).png",",",2,original,0.9474101364612579,100,ACCEPT,
", (73).png",",",1,3x,0.9928405284881592,100,ACCEPT,
", (74).png",",",1,original,0.9991387128829956,100,ACCEPT,
", (75).png",",",1,3x,0.8689098954200745,45,REJECT,landmark_alani_kucuk|dusuk_spread
", (77).png",",",0,,0,0,REJECT,el_bulunamadi
", (78).png",",",1,original,0.9968244433403015,100,ACCEPT,
", (79).png",",",0,,0,0,REJECT,el_bulunamadi
", (8).png",",",1,2x_clahe,0.987691342830658,85,ACCEPT,spread_supheli
", (80).png",",",0,,0,0,REJECT,el_bulunamadi
", (81).png",",",0,,0,0,REJECT,el_bulunamadi
", (82).png",",",0,,0,0,REJECT,el_bulunamadi
", (83).png",",",2,2x_clahe_sharp,0.9187585413455963,45,REJECT,spread_supheli|landmark_alani_kucuk|dusuk_spread
", (84).png",",",2,2x,0.9378042221069336,20,REJECT,spread_supheli|landmark_yigilmis|dusuk_spread
", (85).png",",",1,2x_clahe,0.9403708577156067,20,REJECT,landmark_yigilmis|dusuk_spread
", (86).png",",",0,,0,0,REJECT,el_bulunamadi
", (87).png",",",2,2x,0.9569770991802216,20,REJECT,landmark_yigilmis|dusuk_spread
", (88).png",",",0,,0,0,REJECT,el_bulunamadi
", (89).png",",",1,3x,0.980278730392456,100,ACCEPT,
", (9).png",",",1,original,0.8014774918556213,100,ACCEPT,
", (90).png",",",1,3x,0.9992004632949829,100,ACCEPT,
", (91).png",",",1,3x,0.9947032332420349,100,ACCEPT,
", (92).png",",",2,original,0.7818640768527985,45,REJECT,landmark_alani_kucuk|dusuk_spread
", (93).png",",",1,original,0.9994098544120789,100,ACCEPT,
", (94).png",",",2,original,0.9977569282054901,100,ACCEPT,
", (95).png",",",2,original,0.8360062837600708,45,REJECT,landmark_alani_kucuk|dusuk_spread
", (96).png",",",1,3x,0.9990856647491455,100,ACCEPT,
", (97).png",",",1,2x_clahe,0.9317682981491089,100,ACCEPT,
", (98).png",",",1,3x,0.8765214085578918,100,ACCEPT,
", (99).png",",",2,original,0.998168021440506,100,ACCEPT,
; (1).png,;,2,original,0.9991929531097412,100,ACCEPT,
; (10).png,;,1,original,0.9996798038482666,100,ACCEPT,
; (100).png,;,1,original,0.9972682595252991,100,ACCEPT,
; (101).png,;,0,,0,0,REJECT,el_bulunamadi
; (102).png,;,1,2x,0.9976820945739746,100,ACCEPT,
; (103).png,;,2,original,0.9958541691303253,100,ACCEPT,
; (104).png,;,1,original,0.9971965551376343,85,ACCEPT,border_supheli
; (105).png,;,2,original,0.9942868947982788,100,ACCEPT,
; (11).png,;,0,,0,0,REJECT,el_bulunamadi
; (12).png,;,1,original,0.9988958239555359,100,ACCEPT,
; (13).png,;,2,original,0.9954609274864197,100,ACCEPT,
; (14).png,;,2,original,0.9966528713703156,100,ACCEPT,
; (15).png,;,2,original,0.9950805604457855,100,ACCEPT,
; (16).png,;,2,original,0.99474036693573,100,ACCEPT,
; (17).png,;,2,original,0.9950090944766998,100,ACCEPT,
; (18).png,;,2,original,0.9933865666389465,100,ACCEPT,
; (19).png,;,2,original,0.9925787448883057,85,ACCEPT,border_supheli
; (2).png,;,0,,0,0,REJECT,el_bulunamadi
; (20).png,;,2,original,0.991292417049408,100,ACCEPT,
; (21).png,;,2,original,0.8236419856548309,65,REVIEW,cok_fazla_border
; (22).png,;,2,original,0.9416159093379974,65,REVIEW,cok_fazla_border
; (23).png,;,1,original,0.9991448521614075,100,ACCEPT,
; (24).png,;,2,original,0.9378251731395721,65,REVIEW,cok_fazla_border
; (25).png,;,1,2x_clahe,0.9996752738952637,100,ACCEPT,
; (26).png,;,2,original,0.9942408800125122,100,ACCEPT,
; (27).png,;,2,original,0.9775274693965912,65,REVIEW,cok_fazla_border
; (28).png,;,2,original,0.9817632436752319,85,ACCEPT,border_supheli
; (29).png,;,2,original,0.9951959848403931,85,ACCEPT,border_supheli
; (3).png,;,1,3x,0.9956013560295105,100,ACCEPT,
; (30).png,;,2,original,0.9900417923927307,100,ACCEPT,
; (31).png,;,0,,0,0,REJECT,el_bulunamadi
; (32).png,;,0,,0,0,REJECT,el_bulunamadi
; (33).png,;,0,,0,0,REJECT,el_bulunamadi
; (34).png,;,0,,0,0,REJECT,el_bulunamadi
; (35).png,;,1,original,0.982947587966919,100,ACCEPT,
; (36).png,;,0,,0,0,REJECT,el_bulunamadi
; (37).png,;,1,2x,0.8880748152732849,100,ACCEPT,
; (38).png,;,0,,0,0,REJECT,el_bulunamadi
; (39).png,;,1,2x_clahe_sharp,0.9517829418182373,20,REJECT,landmark_yigilmis|dusuk_spread
; (4).png,;,1,3x,0.9961639642715454,100,ACCEPT,
; (40).png,;,1,2x_clahe_sharp,0.974445641040802,45,REJECT,landmark_alani_kucuk|dusuk_spread
; (41).png,;,0,,0,0,REJECT,el_bulunamadi
; (42).png,;,0,,0,0,REJECT,el_bulunamadi
; (43).png,;,1,2x_clahe_sharp,0.9754490256309509,30,REJECT,landmark_alani_kucuk|dusuk_spread|border_supheli
; (44).png,;,0,,0,0,REJECT,el_bulunamadi
; (45).png,;,0,,0,0,REJECT,el_bulunamadi
; (46).png,;,1,3x,0.9606902003288269,100,ACCEPT,
; (47).png,;,2,original,0.8453289866447449,100,ACCEPT,
; (48).png,;,1,original,0.9998161792755127,85,ACCEPT,border_supheli
; (49).png,;,1,2x_clahe,0.9981312155723572,100,ACCEPT,
; (5).png,;,1,original,0.9874971508979797,100,ACCEPT,
; (50).png,;,2,original,0.9957512319087982,100,ACCEPT,
; (51).png,;,2,original,0.952619880437851,100,ACCEPT,
; (52).png,;,2,original,0.9893456101417542,100,ACCEPT,
; (53).png,;,2,original,0.8392952978610992,85,ACCEPT,border_supheli
; (54).png,;,1,original,0.6456445455551147,100,ACCEPT,
; (55).png,;,2,original,0.9858197867870331,100,ACCEPT,
; (56).png,;,2,original,0.9936119318008423,100,ACCEPT,
; (57).png,;,2,original,0.975149542093277,100,ACCEPT,
; (58).png,;,1,2x_clahe,0.9995742440223694,100,ACCEPT,
; (59).png,;,2,original,0.9976282715797424,100,ACCEPT,
; (6).png,;,1,3x,0.9952811002731323,100,ACCEPT,
; (60).png,;,1,3x,0.9927771091461182,100,ACCEPT,
; (61).png,;,0,,0,0,REJECT,el_bulunamadi
; (62).png,;,0,,0,0,REJECT,el_bulunamadi
; (63).png,;,0,,0,0,REJECT,el_bulunamadi
; (64).png,;,0,,0,0,REJECT,el_bulunamadi
; (65).png,;,1,original,0.9996907114982605,100,ACCEPT,
; (66).png,;,0,,0,0,REJECT,el_bulunamadi
; (67).png,;,1,2x,0.8531303405761719,20,REJECT,landmark_yigilmis|dusuk_spread
; (68).png,;,2,original,0.9918744266033173,100,ACCEPT,
; (69).png,;,0,,0,0,REJECT,el_bulunamadi
; (7).png,;,1,3x,0.980131208896637,100,ACCEPT,
; (70).png,;,1,2x_clahe_sharp,0.9038292169570923,65,REVIEW,landmark_alani_kucuk|spread_supheli
; (71).png,;,0,,0,0,REJECT,el_bulunamadi
; (72).png,;,0,,0,0,REJECT,el_bulunamadi
; (73).png,;,1,2x_clahe,0.710668683052063,100,ACCEPT,
; (74).png,;,0,,0,0,REJECT,el_bulunamadi
; (75).png,;,0,,0,0,REJECT,el_bulunamadi
; (77).png,;,2,2x,0.9207335710525513,100,ACCEPT,
; (78).png,;,0,,0,0,REJECT,el_bulunamadi
; (79).png,;,2,original,0.9324360191822052,100,ACCEPT,
; (8).png,;,0,,0,0,REJECT,el_bulunamadi
; (80).png,;,2,original,0.9961972534656525,100,ACCEPT,
; (81).png,;,2,original,0.7860729992389679,100,ACCEPT,
; (82).png,;,1,3x,0.9961600303649902,100,ACCEPT,
; (83).png,;,2,original,0.9743551015853882,100,ACCEPT,
; (84).png,;,1,3x,0.9503377079963684,100,ACCEPT,
; (85).png,;,2,original,0.8261443078517914,100,ACCEPT,
; (86).png,;,2,original,0.9725597500801086,100,ACCEPT,
; (87).png,;,1,2x,0.9665161371231079,100,ACCEPT,
; (88).png,;,1,3x,0.5869264602661133,100,ACCEPT,
; (89).png,;,2,2x,0.8198533356189728,100,ACCEPT,
; (9).png,;,1,original,0.9809771180152893,100,ACCEPT,
; (90).png,;,1,2x,0.9945520758628845,100,ACCEPT,
; (91).png,;,1,2x_clahe,0.5216051340103149,85,ACCEPT,spread_supheli
; (92).png,;,2,original,0.9948550760746002,100,ACCEPT,
; (93).png,;,2,original,0.9963887929916382,100,ACCEPT,
; (94).png,;,2,original,0.9909393191337585,100,ACCEPT,
; (95).png,;,2,2x_clahe,0.8191140294075012,85,ACCEPT,spread_supheli
; (96).png,;,1,2x_clahe,0.9428299069404602,100,ACCEPT,
; (97).png,;,1,2x_clahe,0.9819290041923523,100,ACCEPT,
; (98).png,;,1,2x_clahe,0.9943880438804626,100,ACCEPT,
; (99).png,;,0,,0,0,REJECT,el_bulunamadi
= (1).png,=,1,2x_clahe_sharp,0.9158776998519897,100,ACCEPT,
= (10).png,=,1,original,0.922818124294281,100,ACCEPT,
= (100).png,=,1,2x_clahe,0.9057683348655701,100,ACCEPT,
= (101).png,=,0,,0,0,REJECT,el_bulunamadi
= (102).png,=,1,original,0.8843609690666199,100,ACCEPT,
= (103).png,=,1,2x_clahe,0.9585531949996948,100,ACCEPT,
= (104).png,=,1,2x_clahe,0.8260886073112488,100,ACCEPT,
= (105).png,=,0,,0,0,REJECT,el_bulunamadi
= (11).png,=,1,2x,0.9681885838508606,100,ACCEPT,
= (12).png,=,1,2x,0.9448238015174866,100,ACCEPT,
= (13).png,=,1,2x_clahe,0.9713048338890076,100,ACCEPT,
= (14).png,=,1,2x_clahe,0.9772315621376038,100,ACCEPT,
= (15).png,=,1,3x,0.8963447213172913,100,ACCEPT,
= (16).png,=,1,original,0.997726321220398,100,ACCEPT,
= (17).png,=,1,3x,0.9476897716522217,100,ACCEPT,
= (18).png,=,1,2x,0.9458044767379761,100,ACCEPT,
= (19).png,=,0,,0,0,REJECT,el_bulunamadi
= (2).png,=,0,,0,0,REJECT,el_bulunamadi
= (20).png,=,0,,0,0,REJECT,el_bulunamadi
= (21).png,=,0,,0,0,REJECT,el_bulunamadi
= (22).png,=,0,,0,0,REJECT,el_bulunamadi
= (23).png,=,1,original,0.6162964701652527,100,ACCEPT,
= (24).png,=,1,2x_clahe,0.903419554233551,100,ACCEPT,
= (25).png,=,1,original,0.9392344355583191,100,ACCEPT,
= (26).png,=,1,original,0.9853832125663757,100,ACCEPT,
= (27).png,=,1,2x,0.8752124309539795,85,ACCEPT,border_supheli
= (28).png,=,1,2x_clahe,0.9261181354522705,100,ACCEPT,
= (29).png,=,1,original,0.8100900650024414,100,ACCEPT,
= (3).png,=,0,,0,0,REJECT,el_bulunamadi
= (30).png,=,1,2x_clahe,0.756402850151062,45,REJECT,landmark_alani_kucuk|dusuk_spread
= (31).png,=,1,original,0.7357450723648071,45,REJECT,landmark_alani_kucuk|dusuk_spread
= (32).png,=,0,,0,0,REJECT,el_bulunamadi
= (33).png,=,1,original,0.9091727137565613,100,ACCEPT,
= (34).png,=,0,,0,0,REJECT,el_bulunamadi
= (35).png,=,0,,0,0,REJECT,el_bulunamadi
= (36).png,=,0,,0,0,REJECT,el_bulunamadi
= (37).png,=,0,,0,0,REJECT,el_bulunamadi
= (38).png,=,0,,0,0,REJECT,el_bulunamadi
= (39).png,=,0,,0,0,REJECT,el_bulunamadi
= (4).png,=,0,,0,0,REJECT,el_bulunamadi
= (40).png,=,0,,0,0,REJECT,el_bulunamadi
= (41).png,=,0,,0,0,REJECT,el_bulunamadi
= (42).png,=,0,,0,0,REJECT,el_bulunamadi
= (43).png,=,0,,0,0,REJECT,el_bulunamadi
= (44).png,=,0,,0,0,REJECT,el_bulunamadi
= (45).png,=,0,,0,0,REJECT,el_bulunamadi
= (46).png,=,2,original,0.961365669965744,100,ACCEPT,
= (47).png,=,2,original,0.9751448035240173,100,ACCEPT,
= (48).png,=,2,2x_clahe,0.7481580972671509,100,ACCEPT,
= (49).png,=,2,original,0.7196846604347229,100,ACCEPT,
= (5).png,=,0,,0,0,REJECT,el_bulunamadi
= (50).png,=,1,2x,0.9834334850311279,100,ACCEPT,
= (51).png,=,1,2x,0.9881265163421631,100,ACCEPT,
= (52).png,=,1,original,0.9820767641067505,100,ACCEPT,
= (53).png,=,1,2x,0.9641836285591125,100,ACCEPT,
= (54).png,=,1,3x,0.9812138676643372,100,ACCEPT,
= (55).png,=,1,original,0.9742311239242554,100,ACCEPT,
= (56).png,=,1,3x,0.9725120067596436,100,ACCEPT,
= (57).png,=,1,original,0.7699010968208313,100,ACCEPT,
= (58).png,=,1,2x_clahe,0.9875184297561646,100,ACCEPT,
= (59).png,=,1,2x,0.9540865421295166,100,ACCEPT,
= (6).png,=,0,,0,0,REJECT,el_bulunamadi
= (60).png,=,1,original,0.9498639702796936,100,ACCEPT,
= (61).png,=,1,2x_clahe,0.8018829822540283,100,ACCEPT,
= (62).png,=,1,3x,0.8812968730926514,100,ACCEPT,
= (63).png,=,1,2x_clahe,0.617120623588562,100,ACCEPT,
= (64).png,=,1,3x,0.7288451194763184,100,ACCEPT,
= (65).png,=,2,original,0.7294554710388184,65,REVIEW,landmark_alani_kucuk|spread_supheli
= (66).png,=,1,2x_clahe_sharp,0.9946492314338684,100,ACCEPT,
= (67).png,=,1,original,0.8996565341949463,100,ACCEPT,
= (68).png,=,1,2x_clahe,0.8606452345848083,100,ACCEPT,
= (69).png,=,1,2x_clahe,0.9190317392349243,100,ACCEPT,
= (7).png,=,0,,0,0,REJECT,el_bulunamadi
= (70).png,=,1,3x,0.8506509065628052,100,ACCEPT,
= (71).png,=,1,2x_clahe,0.8729639649391174,100,ACCEPT,
= (72).png,=,1,2x_clahe_sharp,0.8899453282356262,100,ACCEPT,
= (73).png,=,1,3x,0.9268795847892761,100,ACCEPT,
= (74).png,=,1,2x_clahe_sharp,0.9685017466545105,100,ACCEPT,
= (75).png,=,1,3x,0.9582421183586121,65,REVIEW,cok_fazla_border
= (77).png,=,0,,0,0,REJECT,el_bulunamadi
= (78).png,=,0,,0,0,REJECT,el_bulunamadi
= (79).png,=,0,,0,0,REJECT,el_bulunamadi
= (8).png,=,0,,0,0,REJECT,el_bulunamadi
= (80).png,=,0,,0,0,REJECT,el_bulunamadi
= (81).png,=,0,,0,0,REJECT,el_bulunamadi
= (82).png,=,0,,0,0,REJECT,el_bulunamadi
= (83).png,=,1,3x,0.980725884437561,85,ACCEPT,spread_supheli
= (84).png,=,0,,0,0,REJECT,el_bulunamadi
= (85).png,=,1,original,0.9901466369628906,65,REVIEW,cok_fazla_border
= (86).png,=,0,,0,0,REJECT,el_bulunamadi
= (87).png,=,0,,0,0,REJECT,el_bulunamadi
= (88).png,=,1,2x_clahe,0.7982803583145142,85,ACCEPT,spread_supheli
= (89).png,=,0,,0,0,REJECT,el_bulunamadi
= (9).png,=,0,,0,0,REJECT,el_bulunamadi
= (90).png,=,0,,0,0,REJECT,el_bulunamadi
= (91).png,=,1,2x,0.7420542240142822,100,ACCEPT,
= (92).png,=,1,original,0.5336604118347168,100,ACCEPT,
= (93).png,=,1,2x_clahe_sharp,0.7552315592765808,100,ACCEPT,
= (94).png,=,1,2x,0.6408514976501465,100,ACCEPT,
= (95).png,=,1,3x,0.6288927793502808,100,ACCEPT,
= (96).png,=,1,2x,0.820552408695221,100,ACCEPT,
= (97).png,=,1,2x_clahe,0.8809092044830322,100,ACCEPT,
= (98).png,=,1,2x_clahe_sharp,0.9617415070533752,100,ACCEPT,
= (99).png,=,1,original,0.9182793498039246,100,ACCEPT,
A (1).png,A,0,,0,0,REJECT,el_bulunamadi
A (10).png,A,0,,0,0,REJECT,el_bulunamadi
A (100).png,A,0,,0,0,REJECT,el_bulunamadi
A (101).png,A,0,,0,0,REJECT,el_bulunamadi
A (102).png,A,0,,0,0,REJECT,el_bulunamadi
A (103).png,A,0,,0,0,REJECT,el_bulunamadi
A (104).png,A,0,,0,0,REJECT,el_bulunamadi
A (105).png,A,1,original,0.7237087488174438,85,ACCEPT,spread_supheli
A (11).png,A,0,,0,0,REJECT,el_bulunamadi
A (12).png,A,0,,0,0,REJECT,el_bulunamadi
A (13).png,A,0,,0,0,REJECT,el_bulunamadi
A (14).png,A,0,,0,0,REJECT,el_bulunamadi
A (15).png,A,0,,0,0,REJECT,el_bulunamadi
A (16).png,A,0,,0,0,REJECT,el_bulunamadi
A (17).png,A,0,,0,0,REJECT,el_bulunamadi
A (18).png,A,0,,0,0,REJECT,el_bulunamadi
A (19).png,A,0,,0,0,REJECT,el_bulunamadi
A (2).png,A,0,,0,0,REJECT,el_bulunamadi
A (20).png,A,0,,0,0,REJECT,el_bulunamadi
A (21).png,A,1,original,0.9976009130477905,100,ACCEPT,
A (22).png,A,1,2x,0.9910505414009094,100,ACCEPT,
A (23).png,A,0,,0,0,REJECT,el_bulunamadi
A (24).png,A,0,,0,0,REJECT,el_bulunamadi
A (25).png,A,0,,0,0,REJECT,el_bulunamadi
A (26).png,A,0,,0,0,REJECT,el_bulunamadi
A (27).png,A,0,,0,0,REJECT,el_bulunamadi
A (28).png,A,0,,0,0,REJECT,el_bulunamadi
A (29).png,A,0,,0,0,REJECT,el_bulunamadi
A (3).png,A,0,,0,0,REJECT,el_bulunamadi
A (30).png,A,0,,0,0,REJECT,el_bulunamadi
A (31).png,A,0,,0,0,REJECT,el_bulunamadi
A (32).png,A,1,2x,0.9969274997711182,100,ACCEPT,
A (33).png,A,1,2x_clahe_sharp,0.9762157797813416,100,ACCEPT,
A (34).png,A,1,original,0.9692184925079346,100,ACCEPT,
A (35).png,A,1,3x,0.5630674362182617,85,ACCEPT,border_supheli
A (36).png,A,1,original,0.525313138961792,85,ACCEPT,border_supheli
A (37).png,A,1,3x,0.5489681959152222,85,ACCEPT,border_supheli
A (38).png,A,1,3x,0.9944912195205688,100,ACCEPT,
A (39).png,A,2,original,0.8694987595081329,85,ACCEPT,kisa_bone
A (4).png,A,0,,0,0,REJECT,el_bulunamadi
A (40).png,A,1,original,0.889992356300354,100,ACCEPT,
A (41).png,A,1,3x,0.6389639377593994,100,ACCEPT,
A (42).png,A,0,,0,0,REJECT,el_bulunamadi
A (43).png,A,1,2x_clahe,0.9696509838104248,65,REVIEW,dusuk_spread
A (44).png,A,0,,0,0,REJECT,el_bulunamadi
A (45).png,A,1,3x,0.9737480282783508,100,ACCEPT,
A (46).png,A,0,,0,0,REJECT,el_bulunamadi
A (47).png,A,1,3x,0.6819445490837097,100,ACCEPT,
A (48).png,A,0,,0,0,REJECT,el_bulunamadi
A (49).png,A,0,,0,0,REJECT,el_bulunamadi
A (5).png,A,0,,0,0,REJECT,el_bulunamadi
A (50).png,A,1,original,0.9441661238670349,100,ACCEPT,
A (51).png,A,1,original,0.9310188293457031,100,ACCEPT,
A (52).png,A,0,,0,0,REJECT,el_bulunamadi
A (53).png,A,1,original,0.5225324630737305,100,ACCEPT,
A (54).png,A,1,2x,0.9980168342590332,100,ACCEPT,
A (55).png,A,1,original,0.9940411448478699,100,ACCEPT,
A (56).png,A,0,,0,0,REJECT,el_bulunamadi
A (57).png,A,0,,0,0,REJECT,el_bulunamadi
A (58).png,A,0,,0,0,REJECT,el_bulunamadi
A (59).png,A,0,,0,0,REJECT,el_bulunamadi
A (6).png,A,0,,0,0,REJECT,el_bulunamadi
A (60).png,A,0,,0,0,REJECT,el_bulunamadi
A (62).png,A,0,,0,0,REJECT,el_bulunamadi
A (63).png,A,0,,0,0,REJECT,el_bulunamadi
A (64).png,A,0,,0,0,REJECT,el_bulunamadi
A (65).png,A,1,3x,0.974661111831665,100,ACCEPT,
A (66).png,A,0,,0,0,REJECT,el_bulunamadi
A (67).png,A,0,,0,0,REJECT,el_bulunamadi
A (68).png,A,0,,0,0,REJECT,el_bulunamadi
A (69).png,A,0,,0,0,REJECT,el_bulunamadi
A (7).png,A,0,,0,0,REJECT,el_bulunamadi
A (70).png,A,0,,0,0,REJECT,el_bulunamadi
A (71).png,A,0,,0,0,REJECT,el_bulunamadi
A (72).png,A,0,,0,0,REJECT,el_bulunamadi
A (73).png,A,0,,0,0,REJECT,el_bulunamadi
A (74).png,A,0,,0,0,REJECT,el_bulunamadi
A (75).png,A,0,,0,0,REJECT,el_bulunamadi
A (76).png,A,0,,0,0,REJECT,el_bulunamadi
A (77).png,A,0,,0,0,REJECT,el_bulunamadi
A (78).png,A,0,,0,0,REJECT,el_bulunamadi
A (79).png,A,0,,0,0,REJECT,el_bulunamadi
A (8).png,A,0,,0,0,REJECT,el_bulunamadi
A (80).png,A,1,original,0.9212140440940857,100,ACCEPT,
A (81).png,A,0,,0,0,REJECT,el_bulunamadi
A (82).png,A,0,,0,0,REJECT,el_bulunamadi
A (83).png,A,0,,0,0,REJECT,el_bulunamadi
A (84).png,A,0,,0,0,REJECT,el_bulunamadi
A (85).png,A,0,,0,0,REJECT,el_bulunamadi
A (86).png,A,0,,0,0,REJECT,el_bulunamadi
A (87).png,A,0,,0,0,REJECT,el_bulunamadi
A (88).png,A,0,,0,0,REJECT,el_bulunamadi
A (89).png,A,1,2x_clahe,0.9751267433166504,45,REJECT,landmark_alani_kucuk|dusuk_spread
A (9).png,A,0,,0,0,REJECT,el_bulunamadi
A (90).png,A,0,,0,0,REJECT,el_bulunamadi
A (91).png,A,1,3x,0.9954505562782288,100,ACCEPT,
A (92).png,A,1,3x,0.9787338376045227,100,ACCEPT,
A (93).png,A,1,original,0.9207198619842529,100,ACCEPT,
A (94).png,A,1,2x,0.972448468208313,100,ACCEPT,
A (95).png,A,1,2x,0.9770152568817139,100,ACCEPT,
A (96).png,A,0,,0,0,REJECT,el_bulunamadi
A (97).png,A,0,,0,0,REJECT,el_bulunamadi
A (98).png,A,1,2x,0.9487352967262268,100,ACCEPT,
A (99).png,A,1,original,0.9656117558479309,100,ACCEPT,
B (1).png,B,0,,0,0,REJECT,el_bulunamadi
B (10).png,B,1,2x,0.9753596186637878,100,ACCEPT,
B (100).png,B,0,,0,0,REJECT,el_bulunamadi
B (101).png,B,1,2x_clahe,0.8584069609642029,100,ACCEPT,
B (102).png,B,1,original,0.7570846676826477,100,ACCEPT,
B (103).png,B,0,,0,0,REJECT,el_bulunamadi
B (104).png,B,1,2x,0.9179443120956421,100,ACCEPT,
B (105).png,B,1,3x,0.9447648525238037,100,ACCEPT,
B (11).png,B,1,2x,0.8060210347175598,100,ACCEPT,
B (12).png,B,1,2x,0.7645572423934937,100,ACCEPT,
B (13).png,B,1,original,0.7380455732345581,100,ACCEPT,
B (14).png,B,1,original,0.997775673866272,100,ACCEPT,
B (15).png,B,1,2x,0.9883303642272949,100,ACCEPT,
B (16).png,B,0,,0,0,REJECT,el_bulunamadi
B (17).png,B,2,original,0.8412272036075592,100,ACCEPT,
B (18).png,B,1,2x_clahe,0.9969860315322876,100,ACCEPT,
B (19).png,B,1,2x_clahe,0.9887343049049377,100,ACCEPT,
B (2).png,B,2,original,0.9844778180122375,100,ACCEPT,
B (20).png,B,1,original,0.7599237561225891,100,ACCEPT,
B (21).png,B,1,2x_clahe,0.9736573100090027,100,ACCEPT,
B (22).png,B,1,original,0.7609938979148865,100,ACCEPT,
B (23).png,B,1,2x_clahe,0.9967782497406006,100,ACCEPT,
B (24).png,B,1,original,0.998984694480896,100,ACCEPT,
B (25).png,B,2,original,0.9201345443725586,100,ACCEPT,
B (26).png,B,2,original,0.9868545830249786,100,ACCEPT,
B (27).png,B,2,original,0.8433320820331573,100,ACCEPT,
B (28).png,B,2,original,0.8276527523994446,100,ACCEPT,
B (29).png,B,2,original,0.8511773645877838,100,ACCEPT,
B (3).png,B,1,original,0.9966606497764587,100,ACCEPT,
B (30).png,B,2,original,0.9346147179603577,100,ACCEPT,
B (31).png,B,2,original,0.8128639161586761,100,ACCEPT,
B (32).png,B,2,original,0.8738252818584442,100,ACCEPT,
B (33).png,B,2,2x_clahe,0.9707364439964294,100,ACCEPT,
B (34).png,B,1,2x_clahe,0.9944276809692383,100,ACCEPT,
B (35).png,B,2,original,0.9934618175029755,100,ACCEPT,
B (36).png,B,2,original,0.9919475615024567,100,ACCEPT,
B (37).png,B,2,original,0.8014060854911804,100,ACCEPT,
B (38).png,B,1,original,0.7351232767105103,100,ACCEPT,
B (39).png,B,2,original,0.8119059503078461,100,ACCEPT,
B (4).png,B,1,2x_clahe_sharp,0.9815858602523804,85,ACCEPT,spread_supheli
B (40).png,B,1,2x,0.9369435906410217,100,ACCEPT,
B (41).png,B,0,,0,0,REJECT,el_bulunamadi
B (42).png,B,1,2x_clahe_sharp,0.9914788007736206,100,ACCEPT,
B (43).png,B,1,2x_clahe_sharp,0.9833903312683105,100,ACCEPT,
B (44).png,B,1,2x_clahe_sharp,0.5776141881942749,100,ACCEPT,
B (45).png,B,1,original,0.7763939499855042,20,REJECT,landmark_yigilmis|dusuk_spread
B (46).png,B,0,,0,0,REJECT,el_bulunamadi
B (47).png,B,0,,0,0,REJECT,el_bulunamadi
B (48).png,B,0,,0,0,REJECT,el_bulunamadi
B (49).png,B,0,,0,0,REJECT,el_bulunamadi
B (5).png,B,1,2x,0.9934326410293579,100,ACCEPT,
B (50).png,B,0,,0,0,REJECT,el_bulunamadi
B (51).png,B,0,,0,0,REJECT,el_bulunamadi
B (52).png,B,1,2x_clahe,0.9972521066665649,100,ACCEPT,
B (53).png,B,1,original,0.9992052912712097,100,ACCEPT,
B (54).png,B,1,3x,0.9997881054878235,100,ACCEPT,
B (55).png,B,1,3x,0.9977151155471802,100,ACCEPT,
B (56).png,B,0,,0,0,REJECT,el_bulunamadi
B (57).png,B,0,,0,0,REJECT,el_bulunamadi
B (58).png,B,0,,0,0,REJECT,el_bulunamadi
B (59).png,B,0,,0,0,REJECT,el_bulunamadi
B (6).png,B,2,original,0.9825364351272583,100,ACCEPT,
B (60).png,B,0,,0,0,REJECT,el_bulunamadi
B (61).png,B,1,original,0.9817346334457397,100,ACCEPT,
B (62).png,B,0,,0,0,REJECT,el_bulunamadi
B (63).png,B,1,original,0.9932917356491089,100,ACCEPT,
B (64).png,B,0,,0,0,REJECT,el_bulunamadi
B (65).png,B,0,,0,0,REJECT,el_bulunamadi
B (66).png,B,2,original,0.7398146390914917,45,REJECT,landmark_alani_kucuk|dusuk_spread|spread_supheli|kisa_bone
B (67).png,B,1,original,0.9104544520378113,45,REJECT,landmark_alani_kucuk|dusuk_spread
B (68).png,B,0,,0,0,REJECT,el_bulunamadi
B (69).png,B,0,,0,0,REJECT,el_bulunamadi
B (7).png,B,2,original,0.9671541154384613,100,ACCEPT,
B (70).png,B,1,3x,0.9091604948043823,100,ACCEPT,
B (71).png,B,1,original,0.8592705726623535,100,ACCEPT,
B (72).png,B,1,original,0.9513586163520813,100,ACCEPT,
B (73).png,B,1,3x,0.8706057667732239,100,ACCEPT,
B (74).png,B,1,2x,0.9249531626701355,100,ACCEPT,
B (75).png,B,1,original,0.9337702989578247,100,ACCEPT,
B (77).png,B,1,2x,0.8786230087280273,100,ACCEPT,
B (78).png,B,1,original,0.9650998115539551,100,ACCEPT,
B (79).png,B,1,2x_clahe_sharp,0.9980117082595825,100,ACCEPT,
B (8).png,B,1,original,0.9929459691047668,100,ACCEPT,
B (80).png,B,1,2x_clahe,0.9970774054527283,100,ACCEPT,
B (81).png,B,1,2x,0.9919987320899963,100,ACCEPT,
B (82).png,B,1,3x,0.9948937892913818,100,ACCEPT,
B (83).png,B,1,2x,0.9836195707321167,100,ACCEPT,
B (84).png,B,1,original,0.9972593188285828,100,ACCEPT,
B (85).png,B,1,original,0.9858997464179993,100,ACCEPT,
B (86).png,B,1,original,0.9942033290863037,100,ACCEPT,
B (87).png,B,1,2x_clahe,0.9911891222000122,100,ACCEPT,
B (88).png,B,1,2x_clahe_sharp,0.9852606654167175,100,ACCEPT,
B (89).png,B,1,3x,0.9874667525291443,100,ACCEPT,
B (9).png,B,1,original,0.9368953108787537,100,ACCEPT,
B (90).png,B,1,original,0.9816102385520935,100,ACCEPT,
B (91).png,B,2,original,0.9551137685775757,100,ACCEPT,
B (92).png,B,2,2x_clahe,0.9887111783027649,100,ACCEPT,
B (93).png,B,2,original,0.970533937215805,100,ACCEPT,
B (94).png,B,1,2x_clahe,0.9284307360649109,100,ACCEPT,
B (95).png,B,1,2x_clahe_sharp,0.8001035451889038,100,ACCEPT,
B (96).png,B,2,2x_clahe,0.8820701837539673,100,ACCEPT,
B (97).png,B,2,2x_clahe,0.8239596486091614,100,ACCEPT,
B (98).png,B,0,,0,0,REJECT,el_bulunamadi
B (99).png,B,1,2x,0.9982740879058838,100,ACCEPT,
C (1).png,C,1,2x_clahe,0.9986040592193604,100,ACCEPT,
C (10).png,C,0,,0,0,REJECT,el_bulunamadi
C (100).png,C,1,original,0.9673389792442322,100,ACCEPT,
C (101).png,C,1,2x_clahe,0.5871682167053223,85,ACCEPT,spread_supheli
C (102).png,C,0,,0,0,REJECT,el_bulunamadi
C (103).png,C,0,,0,0,REJECT,el_bulunamadi
C (104).png,C,0,,0,0,REJECT,el_bulunamadi
C (105).png,C,0,,0,0,REJECT,el_bulunamadi
C (11).png,C,1,original,0.7613629102706909,100,ACCEPT,
C (12).png,C,2,2x,0.9587744176387787,100,ACCEPT,
C (13).png,C,0,,0,0,REJECT,el_bulunamadi
C (14).png,C,0,,0,0,REJECT,el_bulunamadi
C (15).png,C,1,original,0.9996522068977356,100,ACCEPT,
C (16).png,C,1,3x,0.9995256066322327,100,ACCEPT,
C (17).png,C,1,2x_clahe,0.9939957857131958,100,ACCEPT,
C (18).png,C,1,3x,0.9512720108032227,100,ACCEPT,
C (19).png,C,0,,0,0,REJECT,el_bulunamadi
C (2).png,C,0,,0,0,REJECT,el_bulunamadi
C (20).png,C,0,,0,0,REJECT,el_bulunamadi
C (21).png,C,0,,0,0,REJECT,el_bulunamadi
C (22).png,C,0,,0,0,REJECT,el_bulunamadi
C (23).png,C,1,original,0.9996587038040161,100,ACCEPT,
C (24).png,C,1,3x,0.9995814561843872,100,ACCEPT,
C (25).png,C,1,original,0.999824047088623,100,ACCEPT,
C (26).png,C,1,2x_clahe,0.9823960661888123,100,ACCEPT,
C (27).png,C,0,,0,0,REJECT,el_bulunamadi
C (28).png,C,0,,0,0,REJECT,el_bulunamadi
C (29).png,C,1,2x_clahe_sharp,0.992881715297699,100,ACCEPT,
C (3).png,C,0,,0,0,REJECT,el_bulunamadi
C (30).png,C,1,2x,0.9757944941520691,100,ACCEPT,
C (31).png,C,1,2x_clahe_sharp,0.9851706624031067,100,ACCEPT,
C (32).png,C,1,original,0.9990410804748535,100,ACCEPT,
C (33).png,C,0,,0,0,REJECT,el_bulunamadi
C (34).png,C,0,,0,0,REJECT,el_bulunamadi
C (35).png,C,1,original,0.9909123778343201,100,ACCEPT,
C (36).png,C,1,2x,0.9852688908576965,100,ACCEPT,
C (37).png,C,2,2x_clahe,0.9229081869125366,85,ACCEPT,spread_supheli
C (38).png,C,1,original,0.9930424690246582,100,ACCEPT,
C (39).png,C,1,3x,0.9854111671447754,100,ACCEPT,
C (4).png,C,0,,0,0,REJECT,el_bulunamadi
C (40).png,C,1,2x_clahe_sharp,0.9946407079696655,100,ACCEPT,
C (41).png,C,1,2x,0.9985461235046387,100,ACCEPT,
C (42).png,C,1,original,0.9988174438476562,100,ACCEPT,
C (43).png,C,1,2x,0.9938644170761108,100,ACCEPT,
C (44).png,C,1,3x,0.9238865971565247,100,ACCEPT,
C (45).png,C,1,2x,0.999646782875061,100,ACCEPT,
C (46).png,C,1,3x,0.9642166495323181,100,ACCEPT,
C (47).png,C,1,original,0.9994152188301086,100,ACCEPT,
C (48).png,C,1,2x_clahe_sharp,0.9993154406547546,100,ACCEPT,
C (49).png,C,1,original,0.999111533164978,100,ACCEPT,
C (5).png,C,0,,0,0,REJECT,el_bulunamadi
C (50).png,C,1,2x_clahe,0.9982683658599854,100,ACCEPT,
C (51).png,C,1,2x,0.9785235524177551,100,ACCEPT,
C (52).png,C,1,original,0.9946438074111938,100,ACCEPT,
C (53).png,C,1,2x,0.9986889958381653,100,ACCEPT,
C (54).png,C,1,2x,0.9990733861923218,100,ACCEPT,
C (55).png,C,1,2x_clahe,0.9994584918022156,100,ACCEPT,
C (56).png,C,1,2x_clahe,0.9994228482246399,100,ACCEPT,
C (57).png,C,1,2x,0.9987742304801941,100,ACCEPT,
C (6).png,C,0,,0,0,REJECT,el_bulunamadi
C (61).png,C,0,,0,0,REJECT,el_bulunamadi
C (62).png,C,0,,0,0,REJECT,el_bulunamadi
C (63).png,C,0,,0,0,REJECT,el_bulunamadi
C (64).png,C,0,,0,0,REJECT,el_bulunamadi
C (65).png,C,0,,0,0,REJECT,el_bulunamadi
C (66).png,C,0,,0,0,REJECT,el_bulunamadi
C (67).png,C,0,,0,0,REJECT,el_bulunamadi
C (68).png,C,0,,0,0,REJECT,el_bulunamadi
C (69).png,C,0,,0,0,REJECT,el_bulunamadi
C (7).png,C,0,,0,0,REJECT,el_bulunamadi
C (70).png,C,0,,0,0,REJECT,el_bulunamadi
C (71).png,C,0,,0,0,REJECT,el_bulunamadi
C (72).png,C,0,,0,0,REJECT,el_bulunamadi
C (73).png,C,0,,0,0,REJECT,el_bulunamadi
C (74).png,C,0,,0,0,REJECT,el_bulunamadi
C (75).png,C,0,,0,0,REJECT,el_bulunamadi
C (77).png,C,1,3x,0.9157262444496155,85,ACCEPT,spread_supheli
C (78).png,C,1,2x_clahe,0.9964644312858582,85,ACCEPT,spread_supheli
C (79).png,C,1,2x,0.9996023178100586,100,ACCEPT,
C (8).png,C,2,original,0.9802286624908447,100,ACCEPT,
C (80).png,C,1,2x_clahe,0.9863625764846802,45,REJECT,landmark_alani_kucuk|dusuk_spread
C (81).png,C,2,original,0.9904002845287323,45,REJECT,landmark_alani_kucuk|dusuk_spread
C (82).png,C,1,2x,0.9419134259223938,100,ACCEPT,
C (83).png,C,1,2x,0.9792148470878601,100,ACCEPT,
C (84).png,C,0,,0,0,REJECT,el_bulunamadi
C (85).png,C,1,original,0.8504009246826172,65,REVIEW,dusuk_spread
C (86).png,C,1,2x,0.9868650436401367,100,ACCEPT,
C (87).png,C,1,original,0.999651312828064,100,ACCEPT,
C (88).png,C,1,original,0.9982509613037109,100,ACCEPT,
C (89).png,C,1,2x_clahe,0.8617119789123535,45,REJECT,landmark_alani_kucuk|dusuk_spread
C (9).png,C,0,,0,0,REJECT,el_bulunamadi
C (90).png,C,1,original,0.9755092859268188,100,ACCEPT,
C (91).png,C,1,original,0.6172459721565247,50,REVIEW,spread_supheli|cok_fazla_border
C (92).png,C,0,,0,0,REJECT,el_bulunamadi
C (93).png,C,0,,0,0,REJECT,el_bulunamadi
C (94).png,C,1,3x,0.7054297924041748,100,ACCEPT,
C (95).png,C,1,original,0.5515231490135193,65,REVIEW,cok_fazla_border
C (96).png,C,0,,0,0,REJECT,el_bulunamadi
C (97).png,C,0,,0,0,REJECT,el_bulunamadi
C (98).png,C,1,3x,0.9878231287002563,100,ACCEPT,
C (99).png,C,1,2x,0.9750477075576782,100,ACCEPT,
D (1).png,D,1,3x,0.9785160422325134,100,ACCEPT,
D (10).png,D,1,2x_clahe,0.9879993796348572,100,ACCEPT,
D (100).png,D,2,original,0.9907470047473907,100,ACCEPT,
D (101).png,D,1,2x_clahe,0.9835602045059204,100,ACCEPT,
D (102).png,D,1,3x,0.996755063533783,100,ACCEPT,
D (103).png,D,1,original,0.988432765007019,100,ACCEPT,
D (104).png,D,2,2x_clahe,0.9185768961906433,45,REJECT,landmark_alani_kucuk|dusuk_spread
D (105).png,D,1,original,0.9702993035316467,100,ACCEPT,
D (11).png,D,1,original,0.9996405839920044,100,ACCEPT,
D (12).png,D,1,original,0.9999127984046936,100,ACCEPT,
D (13).png,D,1,2x,0.9979556202888489,100,ACCEPT,
D (14).png,D,1,original,0.9983164072036743,100,ACCEPT,
D (15).png,D,0,,0,0,REJECT,el_bulunamadi
D (16).png,D,1,2x,0.9963524341583252,100,ACCEPT,
D (17).png,D,1,2x_clahe,0.9965577721595764,100,ACCEPT,
D (18).png,D,1,original,0.9954332709312439,100,ACCEPT,
D (19).png,D,2,original,0.9963808655738831,100,ACCEPT,
D (2).png,D,1,original,0.9957961440086365,100,ACCEPT,
D (20).png,D,2,original,0.9969972670078278,100,ACCEPT,
D (21).png,D,2,original,0.9954089522361755,100,ACCEPT,
D (22).png,D,1,2x_clahe_sharp,0.9906432628631592,100,ACCEPT,
D (23).png,D,1,2x_clahe_sharp,0.984375536441803,100,ACCEPT,
D (24).png,D,1,3x,0.9793218970298767,100,ACCEPT,
D (25).png,D,1,3x,0.9992347359657288,100,ACCEPT,
D (26).png,D,1,original,0.9958562254905701,100,ACCEPT,
D (27).png,D,1,2x,0.999285876750946,100,ACCEPT,
D (28).png,D,1,2x,0.9984183311462402,100,ACCEPT,
D (29).png,D,1,3x,0.9977461695671082,100,ACCEPT,
D (3).png,D,1,2x,0.9807043671607971,100,ACCEPT,
D (30).png,D,1,3x,0.9986382126808167,100,ACCEPT,
D (31).png,D,1,2x_clahe,0.9925723075866699,100,ACCEPT,
D (32).png,D,1,original,0.9326203465461731,100,ACCEPT,
D (33).png,D,1,2x,0.9308966398239136,100,ACCEPT,
D (34).png,D,0,,0,0,REJECT,el_bulunamadi
D (35).png,D,0,,0,0,REJECT,el_bulunamadi
D (36).png,D,0,,0,0,REJECT,el_bulunamadi
D (37).png,D,1,3x,0.9176310300827026,100,ACCEPT,
D (38).png,D,1,original,0.9967448711395264,100,ACCEPT,
D (39).png,D,1,original,0.9972969889640808,100,ACCEPT,
D (4).png,D,1,2x,0.8562431931495667,100,ACCEPT,
D (40).png,D,0,,0,0,REJECT,el_bulunamadi
D (41).png,D,0,,0,0,REJECT,el_bulunamadi
D (42).png,D,1,2x_clahe,0.9692887663841248,65,REVIEW,dusuk_spread
D (43).png,D,1,2x,0.9481536149978638,100,ACCEPT,
D (44).png,D,1,2x_clahe,0.9624468088150024,100,ACCEPT,
D (45).png,D,1,original,0.9735319018363953,100,ACCEPT,
D (46).png,D,2,original,0.9977265298366547,100,ACCEPT,
D (47).png,D,2,original,0.9983895421028137,100,ACCEPT,
D (48).png,D,2,original,0.997810035943985,100,ACCEPT,
D (49).png,D,2,original,0.9554426372051239,100,ACCEPT,
D (5).png,D,1,3x,0.9945841431617737,100,ACCEPT,
D (50).png,D,2,original,0.9970329403877258,100,ACCEPT,
D (51).png,D,2,original,0.9378140568733215,100,ACCEPT,
D (52).png,D,2,original,0.9530678987503052,100,ACCEPT,
D (53).png,D,2,original,0.9798319935798645,100,ACCEPT,
D (54).png,D,2,original,0.9711094796657562,65,REVIEW,landmark_alani_kucuk|spread_supheli
D (55).png,D,2,original,0.8978656232357025,100,ACCEPT,
D (56).png,D,2,original,0.9108431935310364,100,ACCEPT,
D (57).png,D,2,2x_clahe,0.9397542774677277,45,REJECT,landmark_alani_kucuk|dusuk_spread
D (58).png,D,2,2x_clahe,0.9681404232978821,70,REVIEW,spread_supheli|border_supheli
D (59).png,D,2,original,0.9949646294116974,100,ACCEPT,
D (6).png,D,1,2x,0.9968608617782593,100,ACCEPT,
D (60).png,D,2,original,0.9976702332496643,100,ACCEPT,
D (61).png,D,0,,0,0,REJECT,el_bulunamadi
D (62).png,D,0,,0,0,REJECT,el_bulunamadi
D (63).png,D,0,,0,0,REJECT,el_bulunamadi
D (64).png,D,0,,0,0,REJECT,el_bulunamadi
D (65).png,D,0,,0,0,REJECT,el_bulunamadi
D (66).png,D,0,,0,0,REJECT,el_bulunamadi
D (67).png,D,0,,0,0,REJECT,el_bulunamadi
D (68).png,D,0,,0,0,REJECT,el_bulunamadi
D (69).png,D,0,,0,0,REJECT,el_bulunamadi
D (7).png,D,1,2x,0.9991077184677124,100,ACCEPT,
D (70).png,D,0,,0,0,REJECT,el_bulunamadi
D (71).png,D,0,,0,0,REJECT,el_bulunamadi
D (72).png,D,0,,0,0,REJECT,el_bulunamadi
D (73).png,D,0,,0,0,REJECT,el_bulunamadi
D (74).png,D,0,,0,0,REJECT,el_bulunamadi
D (75).png,D,0,,0,0,REJECT,el_bulunamadi
D (77).png,D,0,,0,0,REJECT,el_bulunamadi
D (78).png,D,0,,0,0,REJECT,el_bulunamadi
D (79).png,D,0,,0,0,REJECT,el_bulunamadi
D (8).png,D,1,3x,0.9842175841331482,100,ACCEPT,
D (80).png,D,1,original,0.7121760845184326,0,REJECT,landmark_yigilmis|dusuk_spread|palm_cok_kucuk|kisa_bone
D (81).png,D,0,,0,0,REJECT,el_bulunamadi
D (82).png,D,0,,0,0,REJECT,el_bulunamadi
D (83).png,D,0,,0,0,REJECT,el_bulunamadi
D (84).png,D,0,,0,0,REJECT,el_bulunamadi
D (85).png,D,0,,0,0,REJECT,el_bulunamadi
D (86).png,D,0,,0,0,REJECT,el_bulunamadi
D (87).png,D,0,,0,0,REJECT,el_bulunamadi
D (88).png,D,1,2x_clahe_sharp,0.886214554309845,30,REJECT,landmark_alani_kucuk|dusuk_spread|border_supheli
D (89).png,D,1,2x,0.7421573400497437,85,ACCEPT,spread_supheli
D (9).png,D,2,original,0.9954371452331543,100,ACCEPT,
D (90).png,D,0,,0,0,REJECT,el_bulunamadi
D (96).png,D,2,2x_clahe,0.943863034248352,100,ACCEPT,
D (97).png,D,2,original,0.985996812582016,100,ACCEPT,
D (98).png,D,2,2x,0.8215908706188202,45,REJECT,landmark_alani_kucuk|dusuk_spread
D (99).png,D,2,original,0.9990445673465729,100,ACCEPT,
E (1).png,E,1,3x,0.9988946914672852,100,ACCEPT,
E (10).png,E,2,original,0.7742129862308502,100,ACCEPT,
E (100).png,E,1,3x,0.9986394643783569,100,ACCEPT,
E (101).png,E,1,3x,0.9996864199638367,100,ACCEPT,
E (102).png,E,1,3x,0.9998419880867004,100,ACCEPT,
E (103).png,E,1,original,0.9996296763420105,100,ACCEPT,
E (104).png,E,1,3x,0.9997354745864868,100,ACCEPT,
E (105).png,E,1,3x,0.9993599653244019,100,ACCEPT,
E (11).png,E,2,original,0.8522199392318726,100,ACCEPT,
E (12).png,E,2,original,0.9922318458557129,100,ACCEPT,
E (13).png,E,1,2x_clahe,0.9994162321090698,100,ACCEPT,
E (14).png,E,1,3x,0.9992294311523438,100,ACCEPT,
E (15).png,E,1,original,0.9990516304969788,100,ACCEPT,
E (16).png,E,1,original,0.9986786842346191,85,ACCEPT,border_supheli
E (17).png,E,1,2x,0.9984790086746216,85,ACCEPT,border_supheli
E (18).png,E,1,3x,0.9984360337257385,85,ACCEPT,border_supheli
E (19).png,E,0,,0,0,REJECT,el_bulunamadi
E (2).png,E,1,3x,0.9997312426567078,100,ACCEPT,
E (20).png,E,1,3x,0.8967613577842712,85,ACCEPT,border_supheli
E (21).png,E,1,3x,0.9979292750358582,100,ACCEPT,
E (22).png,E,1,2x_clahe,0.5275870561599731,85,ACCEPT,border_supheli
E (23).png,E,1,2x,0.9973548054695129,100,ACCEPT,
E (24).png,E,1,original,0.9988217949867249,85,ACCEPT,border_supheli
E (25).png,E,1,original,0.9564574956893921,85,ACCEPT,border_supheli
E (26).png,E,1,original,0.7691653966903687,85,ACCEPT,border_supheli
E (27).png,E,1,original,0.9985821843147278,100,ACCEPT,
E (28).png,E,1,2x,0.9985472559928894,100,ACCEPT,
E (29).png,E,1,original,0.9992725849151611,100,ACCEPT,
E (3).png,E,2,original,0.9893587231636047,100,ACCEPT,
E (30).png,E,1,3x,0.9990009665489197,100,ACCEPT,
E (31).png,E,0,,0,0,REJECT,el_bulunamadi
E (32).png,E,0,,0,0,REJECT,el_bulunamadi
E (33).png,E,0,,0,0,REJECT,el_bulunamadi
E (34).png,E,0,,0,0,REJECT,el_bulunamadi
E (35).png,E,0,,0,0,REJECT,el_bulunamadi
E (36).png,E,1,2x,0.7769250869750977,100,ACCEPT,
E (37).png,E,1,3x,0.9959651231765747,100,ACCEPT,
E (38).png,E,1,original,0.7814714908599854,100,ACCEPT,
E (39).png,E,1,original,0.989568829536438,85,ACCEPT,spread_supheli
E (4).png,E,2,original,0.9948030412197113,100,ACCEPT,
E (40).png,E,1,3x,0.9953553080558777,100,ACCEPT,
E (41).png,E,1,2x,0.9939770102500916,100,ACCEPT,
E (42).png,E,1,original,0.9937950372695923,100,ACCEPT,
E (43).png,E,1,2x_clahe,0.9947421550750732,100,ACCEPT,
E (44).png,E,2,original,0.908474862575531,100,ACCEPT,
E (45).png,E,1,3x,0.9966761469841003,100,ACCEPT,
E (46).png,E,1,3x,0.997125506401062,100,ACCEPT,
E (47).png,E,2,original,0.9883689284324646,100,ACCEPT,
E (48).png,E,1,3x,0.9968765377998352,100,ACCEPT,
E (49).png,E,1,original,0.9958775043487549,100,ACCEPT,
E (5).png,E,2,original,0.9981202185153961,100,ACCEPT,
E (50).png,E,1,3x,0.9941701292991638,100,ACCEPT,
E (51).png,E,1,2x,0.9925131797790527,100,ACCEPT,
E (52).png,E,1,2x,0.9962109923362732,100,ACCEPT,
E (53).png,E,1,original,0.9933180212974548,100,ACCEPT,
E (54).png,E,1,3x,0.9945055246353149,100,ACCEPT,
E (55).png,E,2,original,0.9739189445972443,100,ACCEPT,
E (56).png,E,2,original,0.8309733867645264,100,ACCEPT,
E (57).png,E,2,original,0.9148284494876862,100,ACCEPT,
E (58).png,E,1,3x,0.9954820275306702,100,ACCEPT,
E (59).png,E,1,3x,0.9936606884002686,100,ACCEPT,
E (6).png,E,2,original,0.9869328439235687,100,ACCEPT,
E (60).png,E,1,3x,0.9962549209594727,100,ACCEPT,
E (61).png,E,1,original,0.9833607077598572,100,ACCEPT,
E (62).png,E,1,2x,0.9990242719650269,100,ACCEPT,
E (63).png,E,1,original,0.8810743093490601,100,ACCEPT,
E (64).png,E,1,original,0.9974238872528076,100,ACCEPT,
E (65).png,E,1,3x,0.8023025989532471,100,ACCEPT,
E (66).png,E,1,3x,0.9773150682449341,100,ACCEPT,
E (67).png,E,1,2x_clahe,0.8815216422080994,50,REVIEW,spread_supheli|cok_fazla_border
E (68).png,E,1,original,0.9875786304473877,100,ACCEPT,
E (69).png,E,2,original,0.7835037410259247,65,REVIEW,cok_fazla_border
E (7).png,E,2,original,0.9890904128551483,100,ACCEPT,
E (70).png,E,1,2x_clahe,0.9811019897460938,85,ACCEPT,spread_supheli
E (71).png,E,1,original,0.9958216547966003,100,ACCEPT,
E (72).png,E,1,original,0.9938661456108093,100,ACCEPT,
E (73).png,E,2,original,0.8821690082550049,50,REVIEW,spread_supheli|cok_fazla_border
E (74).png,E,2,2x,0.8789922893047333,100,ACCEPT,
E (75).png,E,1,2x,0.99593186378479,100,ACCEPT,
E (77).png,E,1,2x,0.9643332958221436,100,ACCEPT,
E (78).png,E,1,2x,0.8925412893295288,100,ACCEPT,
E (79).png,E,1,2x,0.8689439296722412,100,ACCEPT,
E (8).png,E,2,original,0.7926027476787567,100,ACCEPT,
E (80).png,E,2,original,0.7594370245933533,45,REJECT,landmark_alani_kucuk|dusuk_spread
E (81).png,E,2,3x,0.9148170650005341,100,ACCEPT,
E (82).png,E,1,3x,0.9282829761505127,100,ACCEPT,
E (83).png,E,1,original,0.9515014886856079,100,ACCEPT,
E (84).png,E,1,2x,0.9052138924598694,100,ACCEPT,
E (85).png,E,1,2x,0.8995531797409058,100,ACCEPT,
E (86).png,E,1,original,0.8815557360649109,100,ACCEPT,
E (87).png,E,0,,0,0,REJECT,el_bulunamadi
E (88).png,E,0,,0,0,REJECT,el_bulunamadi
E (89).png,E,0,,0,0,REJECT,el_bulunamadi
E (9).png,E,1,original,0.9994063377380371,100,ACCEPT,
E (90).png,E,0,,0,0,REJECT,el_bulunamadi
E (91).png,E,1,2x,0.9997816681861877,100,ACCEPT,
E (92).png,E,1,3x,0.9995934367179871,100,ACCEPT,
E (93).png,E,1,2x_clahe_sharp,0.9997760057449341,100,ACCEPT,
E (94).png,E,1,2x,0.9996703863143921,100,ACCEPT,
E (95).png,E,1,2x_clahe,0.9997075796127319,100,ACCEPT,
E (96).png,E,1,original,0.9992309808731079,100,ACCEPT,
E (97).png,E,1,2x,0.9991688132286072,100,ACCEPT,
E (98).png,E,1,2x,0.9993003010749817,100,ACCEPT,
E (99).png,E,1,original,0.9990466237068176,100,ACCEPT,
F (1).png,F,0,,0,0,REJECT,el_bulunamadi
F (10).png,F,1,original,0.9876880049705505,100,ACCEPT,
F (100).png,F,0,,0,0,REJECT,el_bulunamadi
F (101).png,F,0,,0,0,REJECT,el_bulunamadi
F (102).png,F,0,,0,0,REJECT,el_bulunamadi
F (103).png,F,0,,0,0,REJECT,el_bulunamadi
F (104).png,F,0,,0,0,REJECT,el_bulunamadi
F (105).png,F,0,,0,0,REJECT,el_bulunamadi
F (11).png,F,2,original,0.9776535332202911,100,ACCEPT,
F (12).png,F,1,2x,0.9903252720832825,100,ACCEPT,
F (13).png,F,1,original,0.985104501247406,100,ACCEPT,
F (14).png,F,2,original,0.8788543343544006,100,ACCEPT,
F (15).png,F,2,original,0.9638042151927948,100,ACCEPT,
F (16).png,F,0,,0,0,REJECT,el_bulunamadi
F (17).png,F,0,,0,0,REJECT,el_bulunamadi
F (18).png,F,0,,0,0,REJECT,el_bulunamadi
F (19).png,F,1,original,0.8677707314491272,85,ACCEPT,border_supheli
F (2).png,F,2,original,0.9240447878837585,100,ACCEPT,
F (20).png,F,1,original,0.9780170321464539,100,ACCEPT,
F (21).png,F,1,3x,0.938044548034668,100,ACCEPT,
F (22).png,F,0,,0,0,REJECT,el_bulunamadi
F (23).png,F,1,3x,0.9958803653717041,100,ACCEPT,
F (24).png,F,0,,0,0,REJECT,el_bulunamadi
F (25).png,F,1,2x,0.994133710861206,100,ACCEPT,
F (26).png,F,1,3x,0.979797899723053,100,ACCEPT,
F (27).png,F,1,3x,0.8121910691261292,85,ACCEPT,border_supheli
F (28).png,F,1,3x,0.7672224044799805,85,ACCEPT,border_supheli
F (29).png,F,0,,0,0,REJECT,el_bulunamadi
F (3).png,F,1,3x,0.7766809463500977,100,ACCEPT,
F (30).png,F,0,,0,0,REJECT,el_bulunamadi
F (31).png,F,2,original,0.9271218776702881,100,ACCEPT,
F (32).png,F,2,original,0.9069572985172272,100,ACCEPT,
F (33).png,F,2,original,0.8317849338054657,100,ACCEPT,
F (34).png,F,2,original,0.9805344641208649,100,ACCEPT,
F (35).png,F,2,original,0.9938118159770966,100,ACCEPT,
F (36).png,F,1,2x_clahe,0.5459773540496826,100,ACCEPT,
F (37).png,F,2,original,0.9747979640960693,100,ACCEPT,
F (38).png,F,1,original,0.9947525858879089,100,ACCEPT,
F (39).png,F,2,original,0.9922573268413544,100,ACCEPT,
F (4).png,F,2,original,0.9631063044071198,100,ACCEPT,
F (40).png,F,2,original,0.9364412128925323,100,ACCEPT,
F (41).png,F,2,original,0.9756844341754913,100,ACCEPT,
F (42).png,F,2,original,0.9913751184940338,100,ACCEPT,
F (43).png,F,2,original,0.887494683265686,100,ACCEPT,
F (44).png,F,2,original,0.9711768329143524,100,ACCEPT,
F (45).png,F,2,original,0.9616921842098236,100,ACCEPT,
F (46).png,F,0,,0,0,REJECT,el_bulunamadi
F (47).png,F,1,original,0.9655501842498779,100,ACCEPT,
F (48).png,F,1,3x,0.9756630659103394,100,ACCEPT,
F (49).png,F,1,3x,0.7671400904655457,100,ACCEPT,
F (5).png,F,2,original,0.8801146149635315,100,ACCEPT,
F (50).png,F,1,original,0.963691771030426,100,ACCEPT,
F (51).png,F,1,original,0.9762400984764099,100,ACCEPT,
F (52).png,F,2,original,0.9581624567508698,100,ACCEPT,
F (53).png,F,2,original,0.9601879715919495,100,ACCEPT,
F (54).png,F,2,original,0.9570394158363342,100,ACCEPT,
F (55).png,F,2,original,0.9651401042938232,100,ACCEPT,
F (56).png,F,1,original,0.9625888466835022,100,ACCEPT,
F (57).png,F,1,original,0.8298400044441223,100,ACCEPT,
F (6).png,F,2,original,0.9701132476329803,100,ACCEPT,
F (61).png,F,0,,0,0,REJECT,el_bulunamadi
F (62).png,F,0,,0,0,REJECT,el_bulunamadi
F (63).png,F,0,,0,0,REJECT,el_bulunamadi
F (64).png,F,0,,0,0,REJECT,el_bulunamadi
F (65).png,F,0,,0,0,REJECT,el_bulunamadi
F (66).png,F,0,,0,0,REJECT,el_bulunamadi
F (67).png,F,0,,0,0,REJECT,el_bulunamadi
F (68).png,F,0,,0,0,REJECT,el_bulunamadi
F (69).png,F,0,,0,0,REJECT,el_bulunamadi
F (7).png,F,1,2x,0.964023232460022,100,ACCEPT,
F (70).png,F,0,,0,0,REJECT,el_bulunamadi
F (71).png,F,0,,0,0,REJECT,el_bulunamadi
F (72).png,F,0,,0,0,REJECT,el_bulunamadi
F (73).png,F,0,,0,0,REJECT,el_bulunamadi
F (74).png,F,0,,0,0,REJECT,el_bulunamadi
F (75).png,F,0,,0,0,REJECT,el_bulunamadi
F (77).png,F,0,,0,0,REJECT,el_bulunamadi
F (78).png,F,0,,0,0,REJECT,el_bulunamadi
F (79).png,F,0,,0,0,REJECT,el_bulunamadi
F (8).png,F,0,,0,0,REJECT,el_bulunamadi
F (80).png,F,1,2x,0.5078613758087158,85,ACCEPT,border_supheli
F (81).png,F,1,original,0.977437436580658,45,REJECT,landmark_alani_kucuk|dusuk_spread
F (82).png,F,1,3x,0.6821418404579163,100,ACCEPT,
F (83).png,F,0,,0,0,REJECT,el_bulunamadi
F (84).png,F,1,original,0.9968420267105103,100,ACCEPT,
F (85).png,F,1,3x,0.9972690939903259,100,ACCEPT,
F (86).png,F,2,original,0.9628541767597198,85,ACCEPT,border_supheli
F (87).png,F,2,original,0.9031288623809814,85,ACCEPT,border_supheli
F (88).png,F,2,2x,0.9963397681713104,85,ACCEPT,border_supheli
F (89).png,F,1,3x,0.9972407221794128,100,ACCEPT,
F (9).png,F,2,original,0.9502279162406921,100,ACCEPT,
F (90).png,F,2,original,0.9951550960540771,85,ACCEPT,border_supheli
F (91).png,F,1,2x,0.8632270693778992,100,ACCEPT,
F (92).png,F,0,,0,0,REJECT,el_bulunamadi
F (93).png,F,2,2x,0.965374618768692,100,ACCEPT,
F (94).png,F,0,,0,0,REJECT,el_bulunamadi
F (95).png,F,0,,0,0,REJECT,el_bulunamadi
F (96).png,F,0,,0,0,REJECT,el_bulunamadi
F (97).png,F,1,original,0.9906279444694519,100,ACCEPT,
F (98).png,F,0,,0,0,REJECT,el_bulunamadi
F (99).png,F,0,,0,0,REJECT,el_bulunamadi
G (10).png,G,1,2x,0.9992420077323914,100,ACCEPT,
G (100).png,G,1,3x,0.9994867444038391,100,ACCEPT,
G (101).png,G,1,3x,0.9967393279075623,100,ACCEPT,
G (102).png,G,1,original,0.9979904890060425,100,ACCEPT,
G (103).png,G,1,2x,0.9985180497169495,100,ACCEPT,
G (104).png,G,1,original,0.9977939128875732,100,ACCEPT,
G (105).png,G,1,original,0.9973379373550415,100,ACCEPT,
G (11).png,G,2,original,0.9979883134365082,100,ACCEPT,
G (12).png,G,2,original,0.9975860416889191,100,ACCEPT,
G (13).png,G,0,,0,0,REJECT,el_bulunamadi
G (14).png,G,1,3x,0.9988340139389038,100,ACCEPT,
G (15).png,G,0,,0,0,REJECT,el_bulunamadi
G (16).png,G,1,original,0.9892657995223999,100,ACCEPT,
G (17).png,G,1,original,0.9906296730041504,100,ACCEPT,
G (18).png,G,1,3x,0.996829092502594,100,ACCEPT,
G (19).png,G,1,original,0.9862412214279175,100,ACCEPT,
G (2).png,G,1,original,0.9912809729576111,100,ACCEPT,
G (20).png,G,2,original,0.9912047684192657,100,ACCEPT,
G (21).png,G,1,2x,0.9975815415382385,100,ACCEPT,
G (22).png,G,2,original,0.9899432361125946,100,ACCEPT,
G (23).png,G,0,,0,0,REJECT,el_bulunamadi
G (24).png,G,2,original,0.9822080731391907,100,ACCEPT,
G (25).png,G,2,original,0.9918328523635864,100,ACCEPT,
G (26).png,G,1,original,0.9675273299217224,100,ACCEPT,
G (27).png,G,2,original,0.9864727556705475,100,ACCEPT,
G (28).png,G,2,original,0.9785943329334259,100,ACCEPT,
G (29).png,G,2,original,0.9924100935459137,100,ACCEPT,
G (3).png,G,0,,0,0,REJECT,el_bulunamadi
G (30).png,G,1,2x,0.991840660572052,100,ACCEPT,
G (31).png,G,2,original,0.9965587258338928,100,ACCEPT,
G (32).png,G,2,original,0.9942230880260468,100,ACCEPT,
G (33).png,G,2,original,0.9723067283630371,100,ACCEPT,
G (34).png,G,2,3x,0.9842649102210999,100,ACCEPT,
G (35).png,G,2,original,0.9189698696136475,100,ACCEPT,
G (36).png,G,2,original,0.9012386202812195,100,ACCEPT,
G (37).png,G,2,original,0.992028146982193,100,ACCEPT,
G (38).png,G,2,original,0.9936462342739105,100,ACCEPT,
G (39).png,G,2,original,0.8833324611186981,100,ACCEPT,
G (4).png,G,1,2x,0.9976212382316589,100,ACCEPT,
G (40).png,G,1,original,0.9993521571159363,100,ACCEPT,
G (41).png,G,2,original,0.9787251055240631,100,ACCEPT,
G (42).png,G,2,original,0.9613794088363647,100,ACCEPT,
G (43).png,G,2,2x_clahe,0.9802672266960144,100,ACCEPT,
G (44).png,G,1,2x_clahe_sharp,0.9719099402427673,100,ACCEPT,
G (45).png,G,2,original,0.9906706511974335,100,ACCEPT,
G (46).png,G,1,2x_clahe,0.9987176656723022,100,ACCEPT,
G (47).png,G,1,original,0.9991409182548523,100,ACCEPT,
G (48).png,G,1,3x,0.9944835901260376,100,ACCEPT,
G (49).png,G,2,3x,0.9975481629371643,100,ACCEPT,
G (5).png,G,2,original,0.985171765089035,100,ACCEPT,
G (50).png,G,1,2x,0.9976282715797424,100,ACCEPT,
G (51).png,G,2,2x,0.9726846516132355,100,ACCEPT,
G (52).png,G,2,original,0.9892063736915588,100,ACCEPT,
G (53).png,G,2,original,0.9980559349060059,100,ACCEPT,
G (54).png,G,2,original,0.9720572531223297,100,ACCEPT,
G (55).png,G,1,original,0.9993426203727722,100,ACCEPT,
G (56).png,G,1,3x,0.999053418636322,100,ACCEPT,
G (57).png,G,0,,0,0,REJECT,el_bulunamadi
G (58).png,G,2,original,0.9929370880126953,100,ACCEPT,
G (59).png,G,1,2x,0.9990524053573608,100,ACCEPT,
G (6).png,G,1,2x_clahe_sharp,0.9974543452262878,100,ACCEPT,
G (60).png,G,1,original,0.9961230158805847,100,ACCEPT,
G (61).png,G,2,original,0.9977462291717529,100,ACCEPT,
G (62).png,G,2,original,0.8351079523563385,100,ACCEPT,
G (63).png,G,1,2x,0.8657854795455933,85,ACCEPT,border_supheli
G (64).png,G,0,,0,0,REJECT,el_bulunamadi
G (65).png,G,2,original,0.8481886386871338,100,ACCEPT,
G (66).png,G,0,,0,0,REJECT,el_bulunamadi
G (67).png,G,0,,0,0,REJECT,el_bulunamadi
G (68).png,G,1,2x_clahe,0.895749032497406,45,REJECT,landmark_alani_kucuk|dusuk_spread
G (69).png,G,1,original,0.9908950924873352,100,ACCEPT,
G (7).png,G,1,original,0.9848713278770447,100,ACCEPT,
G (70).png,G,0,,0,0,REJECT,el_bulunamadi
G (71).png,G,0,,0,0,REJECT,el_bulunamadi
G (72).png,G,1,2x,0.6177949905395508,100,ACCEPT,
G (73).png,G,1,2x_clahe,0.980901837348938,85,ACCEPT,spread_supheli
G (74).png,G,1,2x,0.9948504567146301,100,ACCEPT,
G (75).png,G,0,,0,0,REJECT,el_bulunamadi
G (77).png,G,0,,0,0,REJECT,el_bulunamadi
G (78).png,G,0,,0,0,REJECT,el_bulunamadi
G (79).png,G,0,,0,0,REJECT,el_bulunamadi
G (8).png,G,0,,0,0,REJECT,el_bulunamadi
G (80).png,G,0,,0,0,REJECT,el_bulunamadi
G (81).png,G,1,3x,0.9990521669387817,100,ACCEPT,
G (82).png,G,0,,0,0,REJECT,el_bulunamadi
G (83).png,G,1,3x,0.9989737272262573,100,ACCEPT,
G (84).png,G,1,original,0.9955995678901672,100,ACCEPT,
G (85).png,G,1,original,0.9983846545219421,100,ACCEPT,
G (86).png,G,1,2x_clahe,0.8529597520828247,65,REVIEW,landmark_alani_kucuk|spread_supheli
G (87).png,G,1,3x,0.9993953108787537,100,ACCEPT,
G (88).png,G,1,original,0.9617044925689697,100,ACCEPT,
G (89).png,G,0,,0,0,REJECT,el_bulunamadi
G (9).png,G,1,original,0.9973660707473755,100,ACCEPT,
G (90).png,G,2,2x,0.9939202964305878,100,ACCEPT,
G (91).png,G,1,2x_clahe,0.9982719421386719,100,ACCEPT,
G (92).png,G,2,original,0.9955445826053619,100,ACCEPT,
G (93).png,G,2,original,0.9839088618755341,85,ACCEPT,border_supheli
G (94).png,G,1,2x,0.9996656179428101,100,ACCEPT,
G (95).png,G,2,original,0.9859315454959869,85,ACCEPT,border_supheli
G (96).png,G,1,2x_clahe,0.9981871247291565,100,ACCEPT,
G (97).png,G,2,original,0.9840728044509888,100,ACCEPT,
G (98).png,G,1,3x,0.9994326829910278,100,ACCEPT,
G (99).png,G,2,original,0.996328204870224,100,ACCEPT,
H (1).png,H,0,,0,0,REJECT,el_bulunamadi
H (10).png,H,1,original,0.9499026536941528,100,ACCEPT,
H (100).png,H,1,2x,0.9821611642837524,45,REJECT,landmark_alani_kucuk|dusuk_spread
H (101).png,H,0,,0,0,REJECT,el_bulunamadi
H (102).png,H,1,3x,0.866442859172821,100,ACCEPT,
H (103).png,H,1,original,0.7036381959915161,85,ACCEPT,border_supheli
H (104).png,H,1,original,0.7098139524459839,20,REJECT,landmark_yigilmis|dusuk_spread
H (105).png,H,1,original,0.6312228441238403,85,ACCEPT,spread_supheli
H (11).png,H,0,,0,0,REJECT,el_bulunamadi
H (12).png,H,0,,0,0,REJECT,el_bulunamadi
H (13).png,H,1,2x,0.9527993202209473,100,ACCEPT,
H (14).png,H,2,original,0.7524940073490143,100,ACCEPT,
H (15).png,H,0,,0,0,REJECT,el_bulunamadi
H (16).png,H,1,2x_clahe_sharp,0.666526198387146,100,ACCEPT,
H (17).png,H,1,3x,0.8398857712745667,100,ACCEPT,
H (18).png,H,0,,0,0,REJECT,el_bulunamadi
H (19).png,H,1,2x,0.9638717174530029,100,ACCEPT,
H (2).png,H,2,original,0.687820702791214,85,ACCEPT,spread_supheli|spread_supheli
H (20).png,H,0,,0,0,REJECT,el_bulunamadi
H (21).png,H,0,,0,0,REJECT,el_bulunamadi
H (22).png,H,0,,0,0,REJECT,el_bulunamadi
H (23).png,H,1,2x_clahe,0.9555860161781311,100,ACCEPT,
H (24).png,H,1,2x_clahe,0.8916149139404297,100,ACCEPT,
H (25).png,H,1,2x,0.9909658432006836,100,ACCEPT,
H (26).png,H,1,original,0.9911918640136719,100,ACCEPT,
H (27).png,H,0,,0,0,REJECT,el_bulunamadi
H (28).png,H,1,original,0.9959818124771118,100,ACCEPT,
H (29).png,H,0,,0,0,REJECT,el_bulunamadi
H (3).png,H,0,,0,0,REJECT,el_bulunamadi
H (30).png,H,1,2x_clahe,0.9984342455863953,100,ACCEPT,
H (31).png,H,1,2x_clahe,0.964909017086029,100,ACCEPT,
H (32).png,H,0,,0,0,REJECT,el_bulunamadi
H (33).png,H,1,3x,0.9536203742027283,100,ACCEPT,
H (34).png,H,0,,0,0,REJECT,el_bulunamadi
H (35).png,H,0,,0,0,REJECT,el_bulunamadi
H (36).png,H,1,original,0.6310654878616333,100,ACCEPT,
H (37).png,H,1,2x_clahe,0.9873529076576233,100,ACCEPT,
H (38).png,H,1,2x,0.9931188821792603,100,ACCEPT,
H (39).png,H,1,original,0.8725479245185852,100,ACCEPT,
H (4).png,H,1,2x_clahe,0.7615505456924438,0,REJECT,landmark_yigilmis|dusuk_spread|cok_fazla_border
H (40).png,H,2,original,0.9686401188373566,100,ACCEPT,
H (41).png,H,1,3x,0.993722677230835,100,ACCEPT,
H (42).png,H,0,,0,0,REJECT,el_bulunamadi
H (43).png,H,0,,0,0,REJECT,el_bulunamadi
H (44).png,H,1,3x,0.9665700793266296,100,ACCEPT,
H (45).png,H,1,original,0.9943342804908752,100,ACCEPT,
H (46).png,H,0,,0,0,REJECT,el_bulunamadi
H (47).png,H,0,,0,0,REJECT,el_bulunamadi
H (48).png,H,0,,0,0,REJECT,el_bulunamadi
H (49).png,H,1,original,0.9735676050186157,100,ACCEPT,
H (5).png,H,0,,0,0,REJECT,el_bulunamadi
H (50).png,H,0,,0,0,REJECT,el_bulunamadi
H (51).png,H,0,,0,0,REJECT,el_bulunamadi
H (52).png,H,0,,0,0,REJECT,el_bulunamadi
H (53).png,H,1,3x,0.9701992869377136,100,ACCEPT,
H (54).png,H,0,,0,0,REJECT,el_bulunamadi
H (55).png,H,0,,0,0,REJECT,el_bulunamadi
H (56).png,H,1,2x,0.9198739528656006,100,ACCEPT,
H (57).png,H,2,original,0.9022956490516663,100,ACCEPT,
H (58).png,H,1,2x,0.99127197265625,100,ACCEPT,
H (59).png,H,0,,0,0,REJECT,el_bulunamadi
H (6).png,H,1,2x_clahe,0.9936526417732239,0,REJECT,landmark_yigilmis|dusuk_spread|cok_fazla_border
H (60).png,H,1,original,0.9874069690704346,100,ACCEPT,
H (61).png,H,0,,0,0,REJECT,el_bulunamadi
H (62).png,H,0,,0,0,REJECT,el_bulunamadi
H (63).png,H,0,,0,0,REJECT,el_bulunamadi
H (64).png,H,0,,0,0,REJECT,el_bulunamadi
H (65).png,H,0,,0,0,REJECT,el_bulunamadi
H (66).png,H,1,2x,0.7836843729019165,45,REJECT,landmark_alani_kucuk|dusuk_spread
H (67).png,H,0,,0,0,REJECT,el_bulunamadi
H (68).png,H,1,2x_clahe_sharp,0.6141144037246704,45,REJECT,landmark_alani_kucuk|dusuk_spread
H (69).png,H,0,,0,0,REJECT,el_bulunamadi
H (7).png,H,1,2x,0.6153029799461365,100,ACCEPT,
H (70).png,H,0,,0,0,REJECT,el_bulunamadi
H (71).png,H,1,2x,0.9950326681137085,100,ACCEPT,
H (72).png,H,0,,0,0,REJECT,el_bulunamadi
H (73).png,H,0,,0,0,REJECT,el_bulunamadi
H (74).png,H,0,,0,0,REJECT,el_bulunamadi
H (75).png,H,1,2x_clahe,0.9377517104148865,85,ACCEPT,spread_supheli
H (77).png,H,1,3x,0.9660125970840454,100,ACCEPT,
H (78).png,H,1,original,0.9842579960823059,85,ACCEPT,spread_supheli
H (79).png,H,1,2x,0.9620580077171326,85,ACCEPT,spread_supheli
H (8).png,H,0,,0,0,REJECT,el_bulunamadi
H (80).png,H,0,,0,0,REJECT,el_bulunamadi
H (81).png,H,1,original,0.996392548084259,100,ACCEPT,
H (82).png,H,0,,0,0,REJECT,el_bulunamadi
H (83).png,H,1,2x,0.985263466835022,85,ACCEPT,spread_supheli
H (84).png,H,0,,0,0,REJECT,el_bulunamadi
H (85).png,H,1,2x_clahe,0.9551661610603333,85,ACCEPT,spread_supheli
H (86).png,H,1,original,0.5980581045150757,85,ACCEPT,border_supheli
H (87).png,H,0,,0,0,REJECT,el_bulunamadi
H (88).png,H,0,,0,0,REJECT,el_bulunamadi
H (89).png,H,0,,0,0,REJECT,el_bulunamadi
H (9).png,H,0,,0,0,REJECT,el_bulunamadi
H (90).png,H,0,,0,0,REJECT,el_bulunamadi
H (91).png,H,1,3x,0.7722684144973755,85,ACCEPT,spread_supheli
H (92).png,H,0,,0,0,REJECT,el_bulunamadi
H (93).png,H,0,,0,0,REJECT,el_bulunamadi
H (94).png,H,0,,0,0,REJECT,el_bulunamadi
H (95).png,H,1,original,0.8947033286094666,65,REVIEW,landmark_alani_kucuk|spread_supheli
H (96).png,H,0,,0,0,REJECT,el_bulunamadi
H (97).png,H,1,original,0.6862785816192627,45,REJECT,landmark_alani_kucuk|dusuk_spread
H (98).png,H,1,2x,0.6844007968902588,65,REVIEW,landmark_alani_kucuk|spread_supheli
H (99).png,H,1,2x_clahe,0.8935965299606323,100,ACCEPT,
I (1).png,I,1,3x,0.7722562551498413,100,ACCEPT,
I (10).png,I,0,,0,0,REJECT,el_bulunamadi
I (100).png,I,1,2x_clahe,0.996634840965271,100,ACCEPT,
I (101).png,I,1,original,0.8543196320533752,100,ACCEPT,
I (102).png,I,1,2x,0.9744101762771606,100,ACCEPT,
I (103).png,I,2,original,0.7787879109382629,85,ACCEPT,spread_supheli
I (104).png,I,1,2x,0.9883323907852173,100,ACCEPT,
I (105).png,I,1,3x,0.9816982746124268,100,ACCEPT,
I (11).png,I,0,,0,0,REJECT,el_bulunamadi
I (12).png,I,1,3x,0.9908446073532104,100,ACCEPT,
I (13).png,I,0,,0,0,REJECT,el_bulunamadi
I (14).png,I,1,3x,0.996404230594635,100,ACCEPT,
I (15).png,I,1,3x,0.9966235160827637,100,ACCEPT,
I (16).png,I,1,original,0.9960224032402039,100,ACCEPT,
I (17).png,I,1,3x,0.9946052432060242,100,ACCEPT,
I (18).png,I,1,3x,0.9868876934051514,100,ACCEPT,
I (19).png,I,1,2x,0.9797101616859436,100,ACCEPT,
I (2).png,I,1,2x_clahe,0.7184005975723267,65,REVIEW,cok_fazla_border
I (20).png,I,1,3x,0.9936321377754211,100,ACCEPT,
I (21).png,I,1,2x_clahe,0.9983697533607483,100,ACCEPT,
I (22).png,I,1,original,0.9864695072174072,100,ACCEPT,
I (23).png,I,1,original,0.9961872100830078,100,ACCEPT,
I (24).png,I,1,3x,0.986933171749115,100,ACCEPT,
I (25).png,I,1,2x,0.9959605932235718,100,ACCEPT,
I (26).png,I,1,2x,0.9841619729995728,100,ACCEPT,
I (27).png,I,1,3x,0.9954482316970825,100,ACCEPT,
I (28).png,I,1,original,0.9897077083587646,100,ACCEPT,
I (29).png,I,1,2x_clahe,0.9948499202728271,100,ACCEPT,
I (3).png,I,0,,0,0,REJECT,el_bulunamadi
I (30).png,I,1,original,0.9862617254257202,100,ACCEPT,
I (31).png,I,1,3x,0.9342108964920044,100,ACCEPT,
I (32).png,I,1,2x_clahe,0.9921981692314148,100,ACCEPT,
I (33).png,I,1,2x_clahe,0.9852379560470581,100,ACCEPT,
I (34).png,I,1,2x_clahe,0.9857224822044373,100,ACCEPT,
I (35).png,I,1,2x_clahe,0.8973206281661987,100,ACCEPT,
I (36).png,I,1,2x_clahe,0.993705689907074,100,ACCEPT,
I (37).png,I,1,2x_clahe,0.978490948677063,100,ACCEPT,
I (38).png,I,1,2x_clahe,0.9934408664703369,100,ACCEPT,
I (39).png,I,1,2x_clahe,0.9718090295791626,100,ACCEPT,
I (4).png,I,1,original,0.999268114566803,100,ACCEPT,
I (40).png,I,1,2x_clahe,0.7904677987098694,100,ACCEPT,
I (41).png,I,1,2x_clahe,0.8241784572601318,100,ACCEPT,
I (42).png,I,1,2x_clahe,0.9096707105636597,100,ACCEPT,
I (43).png,I,1,2x_clahe_sharp,0.989899218082428,100,ACCEPT,
I (44).png,I,1,2x,0.9887778759002686,100,ACCEPT,
I (45).png,I,1,original,0.9801759719848633,100,ACCEPT,
I (46).png,I,0,,0,0,REJECT,el_bulunamadi
I (47).png,I,1,3x,0.9914385080337524,100,ACCEPT,
I (48).png,I,1,3x,0.9894413352012634,100,ACCEPT,
I (49).png,I,1,original,0.9895955324172974,100,ACCEPT,
I (5).png,I,0,,0,0,REJECT,el_bulunamadi
I (50).png,I,1,3x,0.9933454990386963,100,ACCEPT,
I (51).png,I,1,2x,0.9951835870742798,100,ACCEPT,
I (52).png,I,1,3x,0.9877671003341675,100,ACCEPT,
I (53).png,I,1,3x,0.9905689358711243,100,ACCEPT,
I (54).png,I,1,original,0.990397572517395,100,ACCEPT,
I (55).png,I,1,3x,0.9922047257423401,100,ACCEPT,
I (56).png,I,1,original,0.9967038035392761,100,ACCEPT,
I (57).png,I,1,2x,0.9975587725639343,100,ACCEPT,
I (58).png,I,1,original,0.9771068096160889,100,ACCEPT,
I (59).png,I,1,2x,0.9881262183189392,100,ACCEPT,
I (6).png,I,1,original,0.9990540742874146,100,ACCEPT,
I (60).png,I,1,original,0.9871182441711426,100,ACCEPT,
I (61).png,I,0,,0,0,REJECT,el_bulunamadi
I (62).png,I,1,2x_clahe,0.8323822021484375,65,REVIEW,landmark_alani_kucuk|spread_supheli
I (63).png,I,0,,0,0,REJECT,el_bulunamadi
I (64).png,I,0,,0,0,REJECT,el_bulunamadi
I (65).png,I,1,2x_clahe,0.7661927938461304,85,ACCEPT,spread_supheli
I (66).png,I,1,2x_clahe,0.6765172481536865,85,ACCEPT,spread_supheli
I (67).png,I,0,,0,0,REJECT,el_bulunamadi
I (68).png,I,1,3x,0.675640344619751,100,ACCEPT,
I (69).png,I,1,2x_clahe,0.8017250299453735,85,ACCEPT,spread_supheli
I (7).png,I,1,original,0.9169318675994873,100,ACCEPT,
I (70).png,I,0,,0,0,REJECT,el_bulunamadi
I (71).png,I,1,2x_clahe,0.8744521737098694,100,ACCEPT,
I (72).png,I,0,,0,0,REJECT,el_bulunamadi
I (73).png,I,1,3x,0.9917781352996826,100,ACCEPT,
I (74).png,I,1,2x,0.9864787459373474,100,ACCEPT,
I (75).png,I,1,3x,0.9720562696456909,100,ACCEPT,
I (77).png,I,0,,0,0,REJECT,el_bulunamadi
I (78).png,I,0,,0,0,REJECT,el_bulunamadi
I (79).png,I,0,,0,0,REJECT,el_bulunamadi
I (8).png,I,1,original,0.7838406562805176,100,ACCEPT,
I (80).png,I,0,,0,0,REJECT,el_bulunamadi
I (81).png,I,0,,0,0,REJECT,el_bulunamadi
I (82).png,I,0,,0,0,REJECT,el_bulunamadi
I (83).png,I,0,,0,0,REJECT,el_bulunamadi
I (84).png,I,0,,0,0,REJECT,el_bulunamadi
I (85).png,I,1,original,0.9591953754425049,100,ACCEPT,
I (86).png,I,1,original,0.9821085333824158,100,ACCEPT,
I (87).png,I,0,,0,0,REJECT,el_bulunamadi
I (88).png,I,0,,0,0,REJECT,el_bulunamadi
I (89).png,I,1,original,0.9453096985816956,100,ACCEPT,
I (9).png,I,1,2x_clahe,0.9209158420562744,100,ACCEPT,
I (90).png,I,0,,0,0,REJECT,el_bulunamadi
I (91).png,I,1,original,0.9636893272399902,100,ACCEPT,
I (92).png,I,1,2x_clahe,0.9739804267883301,100,ACCEPT,
I (93).png,I,1,2x_clahe,0.9899604320526123,100,ACCEPT,
I (94).png,I,1,3x,0.9653074145317078,100,ACCEPT,
I (95).png,I,1,2x_clahe,0.9935256838798523,100,ACCEPT,
I (96).png,I,1,2x_clahe,0.9919207692146301,100,ACCEPT,
I (97).png,I,1,2x_clahe,0.981747567653656,100,ACCEPT,
I (98).png,I,1,2x_clahe,0.9891795516014099,100,ACCEPT,
I (99).png,I,1,original,0.9833164811134338,100,ACCEPT,
J (1).png,J,2,original,0.995109498500824,100,ACCEPT,
J (10).png,J,2,original,0.9936899542808533,100,ACCEPT,
J (100).png,J,2,original,0.8611606359481812,100,ACCEPT,
J (101).png,J,0,,0,0,REJECT,el_bulunamadi
J (102).png,J,1,2x_clahe_sharp,0.8589253425598145,85,ACCEPT,spread_supheli
J (103).png,J,1,2x,0.7457954287528992,85,ACCEPT,spread_supheli
J (104).png,J,2,2x,0.8309967219829559,85,ACCEPT,spread_supheli
J (105).png,J,1,2x,0.9972072839736938,100,ACCEPT,
J (11).png,J,2,original,0.9951545596122742,100,ACCEPT,
J (12).png,J,2,original,0.9799479842185974,100,ACCEPT,
J (13).png,J,0,,0,0,REJECT,el_bulunamadi
J (14).png,J,0,,0,0,REJECT,el_bulunamadi
J (15).png,J,2,original,0.9917443692684174,100,ACCEPT,
J (16).png,J,1,3x,0.9868788719177246,100,ACCEPT,
J (17).png,J,1,2x,0.9866138696670532,100,ACCEPT,
J (18).png,J,1,2x,0.9831176400184631,100,ACCEPT,
J (19).png,J,1,original,0.9883148670196533,100,ACCEPT,
J (2).png,J,2,original,0.9959424734115601,100,ACCEPT,
J (20).png,J,1,original,0.9959653615951538,100,ACCEPT,
J (21).png,J,1,2x,0.9961367845535278,100,ACCEPT,
J (22).png,J,1,original,0.9947459101676941,100,ACCEPT,
J (23).png,J,1,2x,0.992916464805603,100,ACCEPT,
J (24).png,J,1,2x,0.993398129940033,100,ACCEPT,
J (25).png,J,1,original,0.9993633031845093,100,ACCEPT,
J (26).png,J,1,3x,0.9994469881057739,100,ACCEPT,
J (27).png,J,0,,0,0,REJECT,el_bulunamadi
J (28).png,J,1,2x,0.9952147603034973,100,ACCEPT,
J (29).png,J,1,original,0.999628484249115,100,ACCEPT,
J (3).png,J,2,original,0.9944458305835724,100,ACCEPT,
J (30).png,J,1,original,0.994473397731781,100,ACCEPT,
J (31).png,J,2,original,0.9907706677913666,100,ACCEPT,
J (32).png,J,2,original,0.9664755761623383,100,ACCEPT,
J (33).png,J,2,original,0.9960525929927826,100,ACCEPT,
J (34).png,J,2,original,0.997170478105545,100,ACCEPT,
J (35).png,J,2,2x,0.9782364964485168,100,ACCEPT,
J (36).png,J,2,2x_clahe,0.9987472891807556,100,ACCEPT,
J (37).png,J,2,2x,0.9997902810573578,100,ACCEPT,
J (38).png,J,2,original,0.9997898042201996,100,ACCEPT,
J (39).png,J,1,2x,0.9994799494743347,100,ACCEPT,
J (4).png,J,1,3x,0.9918540120124817,100,ACCEPT,
J (40).png,J,2,original,0.9996785819530487,100,ACCEPT,
J (41).png,J,2,original,0.9997527897357941,100,ACCEPT,
J (42).png,J,1,original,0.9997308850288391,100,ACCEPT,
J (43).png,J,1,original,0.9988461136817932,100,ACCEPT,
J (44).png,J,1,original,0.9983440041542053,100,ACCEPT,
J (45).png,J,1,3x,0.9999183416366577,100,ACCEPT,
J (46).png,J,2,original,0.9973360896110535,100,ACCEPT,
J (47).png,J,2,original,0.9988884031772614,100,ACCEPT,
J (48).png,J,2,original,0.9987688958644867,100,ACCEPT,
J (49).png,J,2,original,0.9984551966190338,100,ACCEPT,
J (5).png,J,2,2x,0.9958254396915436,100,ACCEPT,
J (50).png,J,2,original,0.998077005147934,100,ACCEPT,
J (51).png,J,2,original,0.9975690543651581,100,ACCEPT,
J (52).png,J,2,original,0.9970985352993011,100,ACCEPT,
J (53).png,J,2,original,0.9961546063423157,100,ACCEPT,
J (54).png,J,2,original,0.9971860945224762,100,ACCEPT,
J (55).png,J,2,original,0.9971509277820587,100,ACCEPT,
J (56).png,J,2,original,0.9972226917743683,100,ACCEPT,
J (57).png,J,2,original,0.9965388774871826,100,ACCEPT,
J (58).png,J,2,original,0.9950008690357208,100,ACCEPT,
J (59).png,J,2,original,0.9970865249633789,100,ACCEPT,
J (6).png,J,1,2x_clahe_sharp,0.9948621392250061,100,ACCEPT,
J (60).png,J,2,original,0.9955611228942871,100,ACCEPT,
J (61).png,J,0,,0,0,REJECT,el_bulunamadi
J (62).png,J,0,,0,0,REJECT,el_bulunamadi
J (63).png,J,2,original,0.9557494521141052,55,REVIEW,palm_cok_kucuk|border_supheli
J (64).png,J,0,,0,0,REJECT,el_bulunamadi
J (65).png,J,0,,0,0,REJECT,el_bulunamadi
J (66).png,J,1,3x,0.794105052947998,85,ACCEPT,border_supheli
J (67).png,J,0,,0,0,REJECT,el_bulunamadi
J (68).png,J,0,,0,0,REJECT,el_bulunamadi
J (69).png,J,0,,0,0,REJECT,el_bulunamadi
J (7).png,J,1,original,0.9992022514343262,100,ACCEPT,
J (70).png,J,1,3x,0.8256322145462036,85,ACCEPT,border_supheli
J (71).png,J,1,2x,0.7039153575897217,85,ACCEPT,border_supheli
J (72).png,J,1,3x,0.8194956183433533,85,ACCEPT,border_supheli
J (73).png,J,1,original,0.7680538892745972,85,ACCEPT,border_supheli
J (74).png,J,1,2x,0.9176439046859741,85,ACCEPT,border_supheli
J (75).png,J,0,,0,0,REJECT,el_bulunamadi
J (77).png,J,0,,0,0,REJECT,el_bulunamadi
J (78).png,J,0,,0,0,REJECT,el_bulunamadi
J (79).png,J,1,2x_clahe,0.9757348895072937,45,REJECT,landmark_alani_kucuk|dusuk_spread
J (8).png,J,2,original,0.9968866407871246,100,ACCEPT,
J (80).png,J,0,,0,0,REJECT,el_bulunamadi
J (81).png,J,0,,0,0,REJECT,el_bulunamadi
J (82).png,J,0,,0,0,REJECT,el_bulunamadi
J (83).png,J,0,,0,0,REJECT,el_bulunamadi
J (84).png,J,0,,0,0,REJECT,el_bulunamadi
J (85).png,J,0,,0,0,REJECT,el_bulunamadi
J (86).png,J,0,,0,0,REJECT,el_bulunamadi
J (87).png,J,1,2x_clahe,0.6805969476699829,85,ACCEPT,spread_supheli
J (88).png,J,2,original,0.7720656394958496,85,ACCEPT,spread_supheli
J (89).png,J,1,2x_clahe,0.741862416267395,85,ACCEPT,spread_supheli
J (9).png,J,2,original,0.9892255663871765,100,ACCEPT,
J (90).png,J,1,3x,0.9997283816337585,100,ACCEPT,
J (91).png,J,2,2x_clahe,0.7494297027587891,85,ACCEPT,spread_supheli
J (92).png,J,0,,0,0,REJECT,el_bulunamadi
J (93).png,J,1,2x,0.5503360629081726,30,REJECT,landmark_alani_kucuk|spread_supheli|cok_fazla_border
J (94).png,J,0,,0,0,REJECT,el_bulunamadi
J (95).png,J,1,original,0.9994096755981445,100,ACCEPT,
J (96).png,J,1,3x,0.9983827471733093,100,ACCEPT,
J (97).png,J,2,original,0.9361347854137421,100,ACCEPT,
J (98).png,J,2,original,0.8891023993492126,100,ACCEPT,
J (99).png,J,2,2x,0.9363223314285278,100,ACCEPT,
K (1).png,K,0,,0,0,REJECT,el_bulunamadi
K (10).png,K,1,2x_clahe,0.9526660442352295,100,ACCEPT,
K (100).png,K,1,2x_clahe,0.6051920056343079,85,ACCEPT,spread_supheli
K (101).png,K,0,,0,0,REJECT,el_bulunamadi
K (102).png,K,0,,0,0,REJECT,el_bulunamadi
K (103).png,K,0,,0,0,REJECT,el_bulunamadi
K (104).png,K,1,original,0.9042731523513794,100,ACCEPT,
K (105).png,K,1,original,0.7771121263504028,100,ACCEPT,
K (11).png,K,2,original,0.9396410286426544,85,ACCEPT,border_supheli
K (12).png,K,0,,0,0,REJECT,el_bulunamadi
K (13).png,K,1,original,0.8961050510406494,100,ACCEPT,
K (14).png,K,0,,0,0,REJECT,el_bulunamadi
K (15).png,K,0,,0,0,REJECT,el_bulunamadi
K (16).png,K,0,,0,0,REJECT,el_bulunamadi
K (17).png,K,1,2x_clahe,0.87442946434021,85,ACCEPT,spread_supheli
K (18).png,K,1,2x_clahe,0.6942931413650513,85,ACCEPT,spread_supheli
K (19).png,K,1,3x,0.6395722031593323,100,ACCEPT,
K (2).png,K,0,,0,0,REJECT,el_bulunamadi
K (20).png,K,0,,0,0,REJECT,el_bulunamadi
K (21).png,K,2,original,0.7312372624874115,45,REJECT,landmark_alani_kucuk|dusuk_spread|landmark_alani_kucuk|dusuk_spread
K (22).png,K,1,original,0.7502570152282715,50,REVIEW,spread_supheli|cok_fazla_border
K (23).png,K,0,,0,0,REJECT,el_bulunamadi
K (24).png,K,0,,0,0,REJECT,el_bulunamadi
K (25).png,K,0,,0,0,REJECT,el_bulunamadi
K (26).png,K,1,original,0.9976962804794312,100,ACCEPT,
K (27).png,K,0,,0,0,REJECT,el_bulunamadi
K (28).png,K,0,,0,0,REJECT,el_bulunamadi
K (29).png,K,0,,0,0,REJECT,el_bulunamadi
K (3).png,K,0,,0,0,REJECT,el_bulunamadi
K (30).png,K,0,,0,0,REJECT,el_bulunamadi
K (31).png,K,2,original,0.9829733669757843,100,ACCEPT,
K (32).png,K,1,2x,0.6687088012695312,100,ACCEPT,
K (33).png,K,1,2x_clahe,0.8554035425186157,100,ACCEPT,
K (34).png,K,1,original,0.8647486567497253,100,ACCEPT,
K (35).png,K,1,2x,0.9769989252090454,100,ACCEPT,
K (36).png,K,1,2x_clahe,0.9675407409667969,65,REVIEW,dusuk_spread
K (37).png,K,1,original,0.8019275069236755,100,ACCEPT,
K (38).png,K,2,original,0.7616738080978394,100,ACCEPT,
K (39).png,K,2,original,0.7568882703781128,100,ACCEPT,
K (4).png,K,1,original,0.9360117316246033,100,ACCEPT,
K (40).png,K,2,original,0.8927271962165833,100,ACCEPT,
K (41).png,K,2,original,0.7697105407714844,100,ACCEPT,
K (42).png,K,2,original,0.9791927337646484,100,ACCEPT,
K (43).png,K,2,original,0.8247386813163757,100,ACCEPT,
K (44).png,K,2,original,0.8074469268321991,100,ACCEPT,
K (45).png,K,2,original,0.9979629218578339,100,ACCEPT,
K (46).png,K,1,2x,0.9998005628585815,100,ACCEPT,
K (47).png,K,1,3x,0.9993920922279358,100,ACCEPT,
K (48).png,K,1,3x,0.9988018274307251,100,ACCEPT,
K (49).png,K,1,3x,0.9969279766082764,100,ACCEPT,
K (5).png,K,0,,0,0,REJECT,el_bulunamadi
K (50).png,K,1,original,0.992923378944397,100,ACCEPT,
K (51).png,K,1,2x_clahe_sharp,0.9975919723510742,100,ACCEPT,
K (52).png,K,1,2x,0.9994397163391113,100,ACCEPT,
K (53).png,K,1,3x,0.9994376301765442,100,ACCEPT,
K (54).png,K,1,2x,0.9993817210197449,100,ACCEPT,
K (55).png,K,1,2x_clahe_sharp,0.9995743632316589,100,ACCEPT,
K (56).png,K,1,2x_clahe_sharp,0.9996457099914551,100,ACCEPT,
K (57).png,K,1,2x_clahe_sharp,0.999364972114563,100,ACCEPT,
K (58).png,K,1,3x,0.9998212456703186,100,ACCEPT,
K (59).png,K,1,2x,0.99969083070755,100,ACCEPT,
K (6).png,K,0,,0,0,REJECT,el_bulunamadi
K (60).png,K,1,original,0.9997753500938416,100,ACCEPT,
K (61).png,K,0,,0,0,REJECT,el_bulunamadi
K (62).png,K,2,original,0.9591057896614075,100,ACCEPT,
K (63).png,K,2,original,0.9790390431880951,100,ACCEPT,
K (64).png,K,2,original,0.9873234033584595,100,ACCEPT,
K (65).png,K,2,original,0.9904208779335022,100,ACCEPT,
K (66).png,K,2,original,0.9881775975227356,100,ACCEPT,
K (67).png,K,2,original,0.9792004525661469,100,ACCEPT,
K (68).png,K,0,,0,0,REJECT,el_bulunamadi
K (69).png,K,1,original,0.97283536195755,100,ACCEPT,
K (7).png,K,0,,0,0,REJECT,el_bulunamadi
K (70).png,K,1,2x,0.9674968123435974,100,ACCEPT,
K (71).png,K,2,original,0.9818400740623474,100,ACCEPT,
K (72).png,K,1,3x,0.9891765117645264,100,ACCEPT,
K (73).png,K,1,original,0.9871937036514282,100,ACCEPT,
K (74).png,K,2,original,0.9869597554206848,100,ACCEPT,
K (75).png,K,2,original,0.8853402435779572,100,ACCEPT,
K (77).png,K,0,,0,0,REJECT,el_bulunamadi
K (78).png,K,0,,0,0,REJECT,el_bulunamadi
K (79).png,K,0,,0,0,REJECT,el_bulunamadi
K (8).png,K,0,,0,0,REJECT,el_bulunamadi
K (80).png,K,0,,0,0,REJECT,el_bulunamadi
K (81).png,K,0,,0,0,REJECT,el_bulunamadi
K (82).png,K,0,,0,0,REJECT,el_bulunamadi
K (83).png,K,0,,0,0,REJECT,el_bulunamadi
K (84).png,K,0,,0,0,REJECT,el_bulunamadi
K (85).png,K,0,,0,0,REJECT,el_bulunamadi
K (86).png,K,0,,0,0,REJECT,el_bulunamadi
K (87).png,K,0,,0,0,REJECT,el_bulunamadi
K (88).png,K,0,,0,0,REJECT,el_bulunamadi
K (89).png,K,1,3x,0.9671472311019897,100,ACCEPT,
K (9).png,K,0,,0,0,REJECT,el_bulunamadi
K (90).png,K,0,,0,0,REJECT,el_bulunamadi
K (91).png,K,0,,0,0,REJECT,el_bulunamadi
K (92).png,K,1,2x,0.9676631689071655,65,REVIEW,dusuk_spread
K (93).png,K,2,2x_clahe_sharp,0.7488464415073395,45,REJECT,landmark_alani_kucuk|dusuk_spread
K (94).png,K,0,,0,0,REJECT,el_bulunamadi
K (95).png,K,0,,0,0,REJECT,el_bulunamadi
K (96).png,K,1,original,0.9705838561058044,100,ACCEPT,
K (97).png,K,1,2x_clahe,0.5885252952575684,85,ACCEPT,spread_supheli
K (98).png,K,1,2x,0.8688902258872986,100,ACCEPT,
K (99).png,K,1,original,0.9843847751617432,100,ACCEPT,
L (1).png,L,0,,0,0,REJECT,el_bulunamadi
L (10).png,L,1,original,0.9979357719421387,100,ACCEPT,
L (100).png,L,2,original,0.9951347410678864,100,ACCEPT,
L (101).png,L,1,2x,0.9994282126426697,100,ACCEPT,
L (102).png,L,1,2x,0.9993266463279724,100,ACCEPT,
L (103).png,L,1,original,0.999137282371521,100,ACCEPT,
L (104).png,L,1,original,0.9963117837905884,100,ACCEPT,
L (105).png,L,1,2x,0.9990668296813965,100,ACCEPT,
L (11).png,L,1,3x,0.7835118174552917,100,ACCEPT,
L (12).png,L,0,,0,0,REJECT,el_bulunamadi
L (13).png,L,1,2x,0.9920654892921448,100,ACCEPT,
L (14).png,L,1,3x,0.8879066109657288,100,ACCEPT,
L (15).png,L,1,3x,0.6627988219261169,100,ACCEPT,
L (16).png,L,1,original,0.8880434036254883,100,ACCEPT,
L (17).png,L,0,,0,0,REJECT,el_bulunamadi
L (18).png,L,1,3x,0.9376790523529053,100,ACCEPT,
L (19).png,L,2,2x,0.960965096950531,100,ACCEPT,
L (2).png,L,0,,0,0,REJECT,el_bulunamadi
L (20).png,L,1,original,0.9981061816215515,100,ACCEPT,
L (21).png,L,1,3x,0.9940134286880493,100,ACCEPT,
L (22).png,L,1,2x_clahe_sharp,0.995550811290741,100,ACCEPT,
L (23).png,L,1,2x,0.9968298673629761,100,ACCEPT,
L (24).png,L,1,original,0.9968348741531372,100,ACCEPT,
L (25).png,L,1,2x,0.9967615604400635,100,ACCEPT,
L (26).png,L,1,original,0.9983224272727966,100,ACCEPT,
L (27).png,L,1,original,0.9978842735290527,100,ACCEPT,
L (28).png,L,1,2x_clahe_sharp,0.996894896030426,100,ACCEPT,
L (29).png,L,1,3x,0.9985120892524719,100,ACCEPT,
L (3).png,L,1,2x,0.9967328310012817,100,ACCEPT,
L (30).png,L,1,2x,0.9989631175994873,100,ACCEPT,
L (31).png,L,1,2x,0.992194414138794,100,ACCEPT,
L (32).png,L,1,3x,0.9939806461334229,100,ACCEPT,
L (33).png,L,1,3x,0.994774341583252,100,ACCEPT,
L (34).png,L,1,original,0.9816610217094421,100,ACCEPT,
L (35).png,L,1,2x_clahe,0.9779071807861328,100,ACCEPT,
L (36).png,L,1,2x_clahe,0.9673900604248047,100,ACCEPT,
L (37).png,L,1,2x_clahe_sharp,0.998910665512085,100,ACCEPT,
L (38).png,L,1,2x_clahe_sharp,0.9984747171401978,100,ACCEPT,
L (39).png,L,1,2x_clahe,0.996323823928833,100,ACCEPT,
L (4).png,L,1,3x,0.9636843204498291,100,ACCEPT,
L (40).png,L,1,original,0.9904696345329285,100,ACCEPT,
L (41).png,L,1,2x_clahe_sharp,0.9915500283241272,100,ACCEPT,
L (42).png,L,1,2x,0.993057370185852,100,ACCEPT,
L (43).png,L,1,3x,0.986357569694519,100,ACCEPT,
L (44).png,L,1,3x,0.9924079775810242,100,ACCEPT,
L (45).png,L,1,2x_clahe,0.9950996041297913,100,ACCEPT,
L (46).png,L,0,,0,0,REJECT,el_bulunamadi
L (47).png,L,0,,0,0,REJECT,el_bulunamadi
L (48).png,L,0,,0,0,REJECT,el_bulunamadi
L (49).png,L,1,2x_clahe_sharp,0.9993424415588379,100,ACCEPT,
L (5).png,L,1,2x,0.9897125959396362,100,ACCEPT,
L (50).png,L,1,2x_clahe_sharp,0.9985947608947754,100,ACCEPT,
L (51).png,L,1,2x_clahe,0.9991975426673889,100,ACCEPT,
L (52).png,L,2,2x_clahe,0.9957920014858246,85,ACCEPT,spread_supheli
L (53).png,L,1,2x_clahe_sharp,0.9997507929801941,100,ACCEPT,
L (54).png,L,1,original,0.9985937476158142,100,ACCEPT,
L (55).png,L,1,2x,0.9996050000190735,100,ACCEPT,
L (56).png,L,1,2x,0.9582200646400452,100,ACCEPT,
L (57).png,L,1,original,0.9993671774864197,100,ACCEPT,
L (58).png,L,1,2x_clahe_sharp,0.9992445111274719,100,ACCEPT,
L (59).png,L,1,3x,0.9242316484451294,100,ACCEPT,
L (6).png,L,1,3x,0.9705546498298645,100,ACCEPT,
L (60).png,L,1,3x,0.9981966614723206,100,ACCEPT,
L (61).png,L,0,,0,0,REJECT,el_bulunamadi
L (62).png,L,2,original,0.741841584444046,85,ACCEPT,border_supheli
L (63).png,L,0,,0,0,REJECT,el_bulunamadi
L (64).png,L,0,,0,0,REJECT,el_bulunamadi
L (65).png,L,1,original,0.5028332471847534,100,ACCEPT,
L (66).png,L,0,,0,0,REJECT,el_bulunamadi
L (67).png,L,0,,0,0,REJECT,el_bulunamadi
L (68).png,L,0,,0,0,REJECT,el_bulunamadi
L (69).png,L,0,,0,0,REJECT,el_bulunamadi
L (7).png,L,0,,0,0,REJECT,el_bulunamadi
L (70).png,L,1,3x,0.9031422734260559,85,ACCEPT,border_supheli
L (71).png,L,0,,0,0,REJECT,el_bulunamadi
L (72).png,L,0,,0,0,REJECT,el_bulunamadi
L (73).png,L,0,,0,0,REJECT,el_bulunamadi
L (74).png,L,0,,0,0,REJECT,el_bulunamadi
L (75).png,L,0,,0,0,REJECT,el_bulunamadi
L (77).png,L,0,,0,0,REJECT,el_bulunamadi
L (78).png,L,0,,0,0,REJECT,el_bulunamadi
L (79).png,L,1,2x,0.9962759613990784,100,ACCEPT,
L (8).png,L,0,,0,0,REJECT,el_bulunamadi
L (80).png,L,1,3x,0.9784207344055176,100,ACCEPT,
L (81).png,L,0,,0,0,REJECT,el_bulunamadi
L (82).png,L,0,,0,0,REJECT,el_bulunamadi
L (83).png,L,0,,0,0,REJECT,el_bulunamadi
L (84).png,L,1,original,0.9806498885154724,65,REVIEW,cok_fazla_border
L (85).png,L,1,2x_clahe,0.9990242719650269,100,ACCEPT,
L (86).png,L,1,original,0.9997150301933289,100,ACCEPT,
L (87).png,L,1,original,0.9974870085716248,100,ACCEPT,
L (88).png,L,1,3x,0.9909663200378418,100,ACCEPT,
L (89).png,L,1,3x,0.9997212886810303,100,ACCEPT,
L (9).png,L,1,3x,0.9949578642845154,85,ACCEPT,border_supheli
L (90).png,L,1,3x,0.999710202217102,100,ACCEPT,
L (91).png,L,0,,0,0,REJECT,el_bulunamadi
L (92).png,L,0,,0,0,REJECT,el_bulunamadi
L (93).png,L,0,,0,0,REJECT,el_bulunamadi
L (94).png,L,0,,0,0,REJECT,el_bulunamadi
L (95).png,L,0,,0,0,REJECT,el_bulunamadi
L (96).png,L,1,2x_clahe,0.9994828701019287,100,ACCEPT,
L (97).png,L,1,3x,0.9999034404754639,100,ACCEPT,
L (98).png,L,1,original,0.9999133944511414,100,ACCEPT,
L (99).png,L,1,2x_clahe,0.6742440462112427,20,REJECT,landmark_yigilmis|dusuk_spread
M (1).png,M,0,,0,0,REJECT,el_bulunamadi
M (10).png,M,0,,0,0,REJECT,el_bulunamadi
M (100).png,M,1,2x,0.9949424862861633,100,ACCEPT,
M (101).png,M,1,original,0.9971792697906494,100,ACCEPT,
M (102).png,M,1,2x,0.9970908761024475,100,ACCEPT,
M (103).png,M,1,original,0.9968335032463074,100,ACCEPT,
M (104).png,M,1,3x,0.9960879683494568,100,ACCEPT,
M (105).png,M,1,2x_clahe,0.996584951877594,100,ACCEPT,
M (11).png,M,2,original,0.9976453185081482,100,ACCEPT,
M (12).png,M,1,original,0.9954705834388733,100,ACCEPT,
M (13).png,M,1,3x,0.9966709017753601,100,ACCEPT,
M (14).png,M,1,original,0.9972003102302551,100,ACCEPT,
M (15).png,M,1,2x,0.9975341558456421,100,ACCEPT,
M (16).png,M,2,original,0.9964579641819,100,ACCEPT,
M (17).png,M,1,original,0.9943253397941589,100,ACCEPT,
M (18).png,M,1,original,0.9855145215988159,100,ACCEPT,
M (19).png,M,0,,0,0,REJECT,el_bulunamadi
M (2).png,M,0,,0,0,REJECT,el_bulunamadi
M (20).png,M,0,,0,0,REJECT,el_bulunamadi
M (21).png,M,0,,0,0,REJECT,el_bulunamadi
M (22).png,M,0,,0,0,REJECT,el_bulunamadi
M (23).png,M,0,,0,0,REJECT,el_bulunamadi
M (24).png,M,1,original,0.7608394622802734,85,ACCEPT,border_supheli
M (25).png,M,1,original,0.9248775839805603,65,REVIEW,cok_fazla_border
M (26).png,M,1,2x,0.9937930107116699,85,ACCEPT,border_supheli
M (27).png,M,0,,0,0,REJECT,el_bulunamadi
M (28).png,M,0,,0,0,REJECT,el_bulunamadi
M (29).png,M,1,original,0.997783362865448,100,ACCEPT,
M (3).png,M,0,,0,0,REJECT,el_bulunamadi
M (30).png,M,1,3x,0.9607899785041809,100,ACCEPT,
M (31).png,M,1,original,0.5860555171966553,100,ACCEPT,
M (32).png,M,1,2x,0.9680107831954956,85,ACCEPT,border_supheli
M (33).png,M,1,2x,0.984297513961792,100,ACCEPT,
M (34).png,M,1,original,0.9861115217208862,100,ACCEPT,
M (35).png,M,1,original,0.8936575651168823,100,ACCEPT,
M (36).png,M,1,2x,0.7912689447402954,85,ACCEPT,border_supheli
M (37).png,M,1,2x,0.9657689332962036,100,ACCEPT,
M (38).png,M,0,,0,0,REJECT,el_bulunamadi
M (39).png,M,1,2x,0.9897923469543457,100,ACCEPT,
M (4).png,M,0,,0,0,REJECT,el_bulunamadi
M (40).png,M,1,original,0.9167764186859131,100,ACCEPT,
M (41).png,M,1,original,0.9696926474571228,100,ACCEPT,
M (42).png,M,2,original,0.9868986904621124,100,ACCEPT,
M (43).png,M,1,original,0.9655094742774963,100,ACCEPT,
M (44).png,M,1,original,0.9393265247344971,100,ACCEPT,
M (45).png,M,2,original,0.8631742000579834,100,ACCEPT,
M (46).png,M,1,original,0.9815815091133118,100,ACCEPT,
M (47).png,M,0,,0,0,REJECT,el_bulunamadi
M (48).png,M,1,original,0.9782668948173523,100,ACCEPT,
M (49).png,M,0,,0,0,REJECT,el_bulunamadi
M (5).png,M,0,,0,0,REJECT,el_bulunamadi
M (50).png,M,1,2x,0.9945597052574158,100,ACCEPT,
M (51).png,M,0,,0,0,REJECT,el_bulunamadi
M (52).png,M,0,,0,0,REJECT,el_bulunamadi
M (53).png,M,0,,0,0,REJECT,el_bulunamadi
M (54).png,M,0,,0,0,REJECT,el_bulunamadi
M (55).png,M,1,original,0.9042044281959534,100,ACCEPT,
M (56).png,M,0,,0,0,REJECT,el_bulunamadi
M (57).png,M,1,2x,0.9808321595191956,100,ACCEPT,
M (58).png,M,0,,0,0,REJECT,el_bulunamadi
M (59).png,M,0,,0,0,REJECT,el_bulunamadi
M (6).png,M,0,,0,0,REJECT,el_bulunamadi
M (61).png,M,0,,0,0,REJECT,el_bulunamadi
M (62).png,M,0,,0,0,REJECT,el_bulunamadi
M (63).png,M,0,,0,0,REJECT,el_bulunamadi
M (64).png,M,0,,0,0,REJECT,el_bulunamadi
M (65).png,M,0,,0,0,REJECT,el_bulunamadi
M (66).png,M,0,,0,0,REJECT,el_bulunamadi
M (67).png,M,0,,0,0,REJECT,el_bulunamadi
M (68).png,M,0,,0,0,REJECT,el_bulunamadi
M (69).png,M,0,,0,0,REJECT,el_bulunamadi
M (7).png,M,0,,0,0,REJECT,el_bulunamadi
M (70).png,M,0,,0,0,REJECT,el_bulunamadi
M (71).png,M,0,,0,0,REJECT,el_bulunamadi
M (72).png,M,0,,0,0,REJECT,el_bulunamadi
M (73).png,M,0,,0,0,REJECT,el_bulunamadi
M (74).png,M,0,,0,0,REJECT,el_bulunamadi
M (75).png,M,1,2x_clahe,0.9679663777351379,45,REJECT,landmark_alani_kucuk|dusuk_spread
M (77).png,M,0,,0,0,REJECT,el_bulunamadi
M (78).png,M,0,,0,0,REJECT,el_bulunamadi
M (79).png,M,0,,0,0,REJECT,el_bulunamadi
M (8).png,M,0,,0,0,REJECT,el_bulunamadi
M (80).png,M,0,,0,0,REJECT,el_bulunamadi
M (81).png,M,0,,0,0,REJECT,el_bulunamadi
M (82).png,M,0,,0,0,REJECT,el_bulunamadi
M (83).png,M,0,,0,0,REJECT,el_bulunamadi
M (84).png,M,0,,0,0,REJECT,el_bulunamadi
M (85).png,M,0,,0,0,REJECT,el_bulunamadi
M (86).png,M,0,,0,0,REJECT,el_bulunamadi
M (87).png,M,0,,0,0,REJECT,el_bulunamadi
M (88).png,M,0,,0,0,REJECT,el_bulunamadi
M (89).png,M,0,,0,0,REJECT,el_bulunamadi
M (9).png,M,0,,0,0,REJECT,el_bulunamadi
M (90).png,M,0,,0,0,REJECT,el_bulunamadi
M (91).png,M,1,2x,0.9969517588615417,100,ACCEPT,
M (92).png,M,1,2x,0.9947779774665833,100,ACCEPT,
M (93).png,M,1,2x,0.9943808317184448,100,ACCEPT,
M (94).png,M,1,original,0.9945488572120667,100,ACCEPT,
M (95).png,M,1,original,0.9910752773284912,100,ACCEPT,
M (96).png,M,0,,0,0,REJECT,el_bulunamadi
M (97).png,M,1,3x,0.9975965619087219,100,ACCEPT,
M (98).png,M,1,3x,0.997963011264801,100,ACCEPT,
M (99).png,M,1,2x_clahe,0.9975130558013916,100,ACCEPT,
N (1).png,N,0,,0,0,REJECT,el_bulunamadi
N (10).png,N,1,original,0.8611438274383545,100,ACCEPT,
N (100).png,N,2,original,0.8949944972991943,45,REJECT,landmark_alani_kucuk|dusuk_spread
N (101).png,N,0,,0,0,REJECT,el_bulunamadi
N (102).png,N,1,original,0.6971631646156311,45,REJECT,landmark_alani_kucuk|dusuk_spread
N (103).png,N,0,,0,0,REJECT,el_bulunamadi
N (104).png,N,1,original,0.9875112175941467,20,REJECT,landmark_yigilmis|dusuk_spread
N (105).png,N,1,3x,0.76451575756073,65,REVIEW,landmark_alani_kucuk|spread_supheli
N (11).png,N,1,2x_clahe_sharp,0.8516054749488831,100,ACCEPT,
N (12).png,N,0,,0,0,REJECT,el_bulunamadi
N (13).png,N,0,,0,0,REJECT,el_bulunamadi
N (14).png,N,0,,0,0,REJECT,el_bulunamadi
N (15).png,N,0,,0,0,REJECT,el_bulunamadi
N (16).png,N,0,,0,0,REJECT,el_bulunamadi
N (17).png,N,0,,0,0,REJECT,el_bulunamadi
N (18).png,N,1,2x,0.9136126041412354,85,ACCEPT,border_supheli
N (19).png,N,0,,0,0,REJECT,el_bulunamadi
N (2).png,N,0,,0,0,REJECT,el_bulunamadi
N (20).png,N,0,,0,0,REJECT,el_bulunamadi
N (21).png,N,1,3x,0.6824711561203003,65,REVIEW,cok_fazla_border
N (22).png,N,1,2x,0.9962297677993774,100,ACCEPT,
N (23).png,N,1,3x,0.7805453538894653,100,ACCEPT,
N (24).png,N,1,original,0.747734546661377,100,ACCEPT,
N (25).png,N,0,,0,0,REJECT,el_bulunamadi
N (26).png,N,0,,0,0,REJECT,el_bulunamadi
N (27).png,N,1,3x,0.8246464133262634,100,ACCEPT,
N (28).png,N,1,original,0.9728700518608093,85,ACCEPT,border_supheli
N (29).png,N,1,original,0.9422382712364197,100,ACCEPT,
N (3).png,N,0,,0,0,REJECT,el_bulunamadi
N (30).png,N,1,2x,0.8735449314117432,65,REVIEW,cok_fazla_border
N (31).png,N,0,,0,0,REJECT,el_bulunamadi
N (32).png,N,0,,0,0,REJECT,el_bulunamadi
N (33).png,N,0,,0,0,REJECT,el_bulunamadi
N (34).png,N,0,,0,0,REJECT,el_bulunamadi
N (35).png,N,0,,0,0,REJECT,el_bulunamadi
N (36).png,N,0,,0,0,REJECT,el_bulunamadi
N (37).png,N,0,,0,0,REJECT,el_bulunamadi
N (38).png,N,0,,0,0,REJECT,el_bulunamadi
N (39).png,N,0,,0,0,REJECT,el_bulunamadi
N (4).png,N,0,,0,0,REJECT,el_bulunamadi
N (40).png,N,1,2x,0.9925518035888672,100,ACCEPT,
N (41).png,N,1,original,0.8851549625396729,70,REVIEW,palm_cok_kucuk
N (42).png,N,1,original,0.9413600564002991,100,ACCEPT,
N (43).png,N,1,3x,0.7698976397514343,15,REJECT,landmark_alani_kucuk|dusuk_spread|palm_cok_kucuk
N (44).png,N,0,,0,0,REJECT,el_bulunamadi
N (45).png,N,1,2x_clahe,0.886257529258728,70,REVIEW,spread_supheli|border_supheli
N (46).png,N,0,,0,0,REJECT,el_bulunamadi
N (47).png,N,0,,0,0,REJECT,el_bulunamadi
N (48).png,N,0,,0,0,REJECT,el_bulunamadi
N (49).png,N,1,2x_clahe,0.8599173426628113,65,REVIEW,cok_fazla_border
N (5).png,N,0,,0,0,REJECT,el_bulunamadi
N (50).png,N,0,,0,0,REJECT,el_bulunamadi
N (51).png,N,1,3x,0.969337522983551,85,ACCEPT,border_supheli
N (52).png,N,1,2x_clahe,0.8981677293777466,85,ACCEPT,border_supheli
N (53).png,N,0,,0,0,REJECT,el_bulunamadi
N (54).png,N,1,original,0.8992857336997986,85,ACCEPT,border_supheli
N (55).png,N,0,,0,0,REJECT,el_bulunamadi
N (56).png,N,0,,0,0,REJECT,el_bulunamadi
N (57).png,N,1,2x,0.8453490734100342,100,ACCEPT,
N (58).png,N,1,original,0.9224275350570679,100,ACCEPT,
N (59).png,N,0,,0,0,REJECT,el_bulunamadi
N (6).png,N,0,,0,0,REJECT,el_bulunamadi
N (60).png,N,1,original,0.8980373740196228,100,ACCEPT,
N (61).png,N,0,,0,0,REJECT,el_bulunamadi
N (62).png,N,0,,0,0,REJECT,el_bulunamadi
N (63).png,N,0,,0,0,REJECT,el_bulunamadi
N (64).png,N,0,,0,0,REJECT,el_bulunamadi
N (65).png,N,0,,0,0,REJECT,el_bulunamadi
N (66).png,N,0,,0,0,REJECT,el_bulunamadi
N (67).png,N,0,,0,0,REJECT,el_bulunamadi
N (68).png,N,0,,0,0,REJECT,el_bulunamadi
N (69).png,N,0,,0,0,REJECT,el_bulunamadi
N (7).png,N,0,,0,0,REJECT,el_bulunamadi
N (70).png,N,0,,0,0,REJECT,el_bulunamadi
N (71).png,N,0,,0,0,REJECT,el_bulunamadi
N (72).png,N,0,,0,0,REJECT,el_bulunamadi
N (73).png,N,0,,0,0,REJECT,el_bulunamadi
N (74).png,N,0,,0,0,REJECT,el_bulunamadi
N (75).png,N,0,,0,0,REJECT,el_bulunamadi
N (77).png,N,1,2x_clahe,0.9796465039253235,100,ACCEPT,
N (78).png,N,1,original,0.928330659866333,45,REJECT,landmark_alani_kucuk|dusuk_spread
N (79).png,N,1,2x_clahe,0.992380678653717,100,ACCEPT,
N (8).png,N,0,,0,0,REJECT,el_bulunamadi
N (80).png,N,0,,0,0,REJECT,el_bulunamadi
N (81).png,N,0,,0,0,REJECT,el_bulunamadi
N (82).png,N,1,2x_clahe_sharp,0.8498737812042236,100,ACCEPT,
N (83).png,N,0,,0,0,REJECT,el_bulunamadi
N (84).png,N,1,2x_clahe,0.972293496131897,100,ACCEPT,
N (85).png,N,0,,0,0,REJECT,el_bulunamadi
N (86).png,N,0,,0,0,REJECT,el_bulunamadi
N (87).png,N,1,2x_clahe,0.9935452342033386,100,ACCEPT,
N (88).png,N,1,2x_clahe,0.9848823547363281,100,ACCEPT,
N (89).png,N,1,2x_clahe_sharp,0.6866902709007263,100,ACCEPT,
N (9).png,N,0,,0,0,REJECT,el_bulunamadi
N (90).png,N,0,,0,0,REJECT,el_bulunamadi
N (91).png,N,1,3x,0.5220322608947754,45,REJECT,landmark_alani_kucuk|dusuk_spread
N (92).png,N,2,original,0.9028140008449554,45,REJECT,landmark_alani_kucuk|dusuk_spread|landmark_alani_kucuk|spread_supheli
N (93).png,N,1,3x,0.9069864749908447,65,REVIEW,landmark_alani_kucuk|spread_supheli
N (94).png,N,1,2x,0.736829400062561,65,REVIEW,dusuk_spread
N (95).png,N,1,2x,0.754219651222229,65,REVIEW,landmark_alani_kucuk|spread_supheli
N (96).png,N,1,3x,0.5795183181762695,45,REJECT,landmark_alani_kucuk|dusuk_spread
N (97).png,N,1,original,0.5747159123420715,45,REJECT,landmark_alani_kucuk|dusuk_spread
N (98).png,N,1,2x_clahe,0.5943797826766968,45,REJECT,landmark_alani_kucuk|dusuk_spread
N (99).png,N,1,2x,0.9502661228179932,85,ACCEPT,border_supheli
O (1).png,O,0,,0,0,REJECT,el_bulunamadi
O (10).png,O,1,2x_clahe,0.9690335988998413,100,ACCEPT,
O (100).png,O,1,2x,0.9986397624015808,100,ACCEPT,
O (101).png,O,1,3x,0.9919154644012451,100,ACCEPT,
O (102).png,O,2,original,0.9187869429588318,100,ACCEPT,
O (103).png,O,1,3x,0.9948310852050781,100,ACCEPT,
O (104).png,O,2,original,0.9415348172187805,100,ACCEPT,
O (105).png,O,2,original,0.8659362196922302,100,ACCEPT,
O (11).png,O,2,original,0.9644755721092224,85,ACCEPT,spread_supheli
O (12).png,O,0,,0,0,REJECT,el_bulunamadi
O (13).png,O,0,,0,0,REJECT,el_bulunamadi
O (14).png,O,0,,0,0,REJECT,el_bulunamadi
O (15).png,O,0,,0,0,REJECT,el_bulunamadi
O (16).png,O,1,original,0.9829283952713013,100,ACCEPT,
O (17).png,O,1,original,0.9518464207649231,100,ACCEPT,
O (18).png,O,0,,0,0,REJECT,el_bulunamadi
O (19).png,O,0,,0,0,REJECT,el_bulunamadi
O (2).png,O,0,,0,0,REJECT,el_bulunamadi
O (20).png,O,1,3x,0.9977079629898071,100,ACCEPT,
O (21).png,O,1,2x_clahe,0.6626521348953247,100,ACCEPT,
O (22).png,O,1,2x_clahe_sharp,0.9971810579299927,85,ACCEPT,spread_supheli
O (23).png,O,1,2x,0.9893635511398315,100,ACCEPT,
O (24).png,O,0,,0,0,REJECT,el_bulunamadi
O (25).png,O,1,original,0.9834344387054443,100,ACCEPT,
O (26).png,O,1,2x,0.9400604367256165,100,ACCEPT,
O (27).png,O,1,3x,0.9931403398513794,100,ACCEPT,
O (28).png,O,2,2x_clahe,0.8367769420146942,85,ACCEPT,spread_supheli
O (29).png,O,1,2x_clahe,0.9932973980903625,100,ACCEPT,
O (3).png,O,0,,0,0,REJECT,el_bulunamadi
O (30).png,O,2,2x_clahe,0.9091370105743408,100,ACCEPT,
O (31).png,O,0,,0,0,REJECT,el_bulunamadi
O (32).png,O,1,original,0.9980119466781616,100,ACCEPT,
O (33).png,O,1,original,0.9951890707015991,100,ACCEPT,
O (34).png,O,0,,0,0,REJECT,el_bulunamadi
O (35).png,O,1,original,0.9980397820472717,100,ACCEPT,
O (36).png,O,1,2x,0.9984245896339417,100,ACCEPT,
O (37).png,O,1,2x_clahe,0.9962203502655029,100,ACCEPT,
O (38).png,O,1,2x_clahe,0.9890508055686951,100,ACCEPT,
O (39).png,O,1,2x,0.9934657216072083,100,ACCEPT,
O (4).png,O,1,2x,0.9982290863990784,100,ACCEPT,
O (40).png,O,1,2x_clahe,0.9860162734985352,100,ACCEPT,
O (41).png,O,1,2x,0.982991099357605,100,ACCEPT,
O (42).png,O,1,original,0.9941490292549133,100,ACCEPT,
O (43).png,O,1,2x_clahe,0.99859619140625,100,ACCEPT,
O (44).png,O,0,,0,0,REJECT,el_bulunamadi
O (45).png,O,1,original,0.9916708469390869,100,ACCEPT,
O (46).png,O,1,2x_clahe,0.9972612857818604,100,ACCEPT,
O (47).png,O,1,original,0.9990134239196777,100,ACCEPT,
O (48).png,O,1,original,0.9982556700706482,100,ACCEPT,
O (49).png,O,1,original,0.8007705211639404,100,ACCEPT,
O (5).png,O,1,original,0.9978256821632385,100,ACCEPT,
O (50).png,O,2,2x_clahe_sharp,0.9727900624275208,100,ACCEPT,
O (51).png,O,1,original,0.9992055892944336,100,ACCEPT,
O (52).png,O,1,original,0.9975650906562805,100,ACCEPT,
O (53).png,O,1,original,0.9784619212150574,100,ACCEPT,
O (54).png,O,1,original,0.9980971813201904,100,ACCEPT,
O (55).png,O,2,2x,0.8596410751342773,100,ACCEPT,
O (56).png,O,1,original,0.8424878716468811,100,ACCEPT,
O (57).png,O,1,3x,0.9956629276275635,100,ACCEPT,
O (58).png,O,2,2x,0.8561558723449707,100,ACCEPT,
O (59).png,O,2,original,0.9760036766529083,100,ACCEPT,
O (6).png,O,0,,0,0,REJECT,el_bulunamadi
O (60).png,O,2,original,0.9175144731998444,100,ACCEPT,
O (61).png,O,1,3x,0.9946444630622864,85,ACCEPT,spread_supheli
O (62).png,O,0,,0,0,REJECT,el_bulunamadi
O (63).png,O,0,,0,0,REJECT,el_bulunamadi
O (64).png,O,0,,0,0,REJECT,el_bulunamadi
O (65).png,O,1,2x,0.8143216371536255,85,ACCEPT,spread_supheli
O (66).png,O,1,original,0.9979730844497681,100,ACCEPT,
O (67).png,O,0,,0,0,REJECT,el_bulunamadi
O (68).png,O,1,2x,0.5458705425262451,100,ACCEPT,
O (69).png,O,0,,0,0,REJECT,el_bulunamadi
O (7).png,O,1,3x,0.7479678392410278,15,REJECT,landmark_alani_kucuk|dusuk_spread|palm_cok_kucuk
O (70).png,O,0,,0,0,REJECT,el_bulunamadi
O (71).png,O,0,,0,0,REJECT,el_bulunamadi
O (72).png,O,1,3x,0.9194884300231934,85,ACCEPT,spread_supheli
O (73).png,O,1,original,0.88260817527771,100,ACCEPT,
O (74).png,O,2,2x,0.9167358875274658,100,ACCEPT,
O (75).png,O,2,original,0.8021650016307831,85,ACCEPT,spread_supheli
O (77).png,O,0,,0,0,REJECT,el_bulunamadi
O (78).png,O,1,original,0.9538644552230835,85,ACCEPT,spread_supheli
O (79).png,O,1,original,0.9911853075027466,100,ACCEPT,
O (8).png,O,1,2x,0.7359751462936401,55,REVIEW,spread_supheli|palm_cok_kucuk
O (80).png,O,1,2x_clahe,0.9583896398544312,85,ACCEPT,spread_supheli
O (81).png,O,0,,0,0,REJECT,el_bulunamadi
O (82).png,O,1,2x,0.9964239001274109,100,ACCEPT,
O (83).png,O,0,,0,0,REJECT,el_bulunamadi
O (84).png,O,1,3x,0.9552800059318542,100,ACCEPT,
O (85).png,O,1,2x_clahe,0.9968478083610535,45,REJECT,landmark_alani_kucuk|dusuk_spread
O (86).png,O,1,2x,0.9761414527893066,100,ACCEPT,
O (87).png,O,1,2x,0.6893961429595947,100,ACCEPT,
O (88).png,O,1,original,0.6497575044631958,85,ACCEPT,spread_supheli
O (89).png,O,1,original,0.9959800243377686,100,ACCEPT,
O (9).png,O,1,original,0.9074066281318665,85,ACCEPT,spread_supheli
O (90).png,O,2,original,0.862298846244812,85,ACCEPT,spread_supheli
O (91).png,O,1,2x_clahe,0.9918712973594666,100,ACCEPT,
O (92).png,O,1,2x,0.9853315353393555,100,ACCEPT,
O (93).png,O,1,original,0.7521388530731201,100,ACCEPT,
O (94).png,O,1,3x,0.9907777905464172,100,ACCEPT,
O (95).png,O,1,original,0.9736788868904114,100,ACCEPT,
O (96).png,O,0,,0,0,REJECT,el_bulunamadi
O (97).png,O,0,,0,0,REJECT,el_bulunamadi
O (98).png,O,0,,0,0,REJECT,el_bulunamadi
O (99).png,O,1,original,0.9988134503364563,100,ACCEPT,
P (1).png,P,2,original,0.8122826814651489,5,REJECT,landmark_yigilmis|spread_supheli|cok_fazla_border
P (10).png,P,1,original,0.9836513996124268,45,REJECT,landmark_alani_kucuk|dusuk_spread
P (100).png,P,2,original,0.9346228837966919,65,REVIEW,landmark_alani_kucuk|border_supheli
P (101).png,P,1,original,0.9972667098045349,100,ACCEPT,
P (102).png,P,2,original,0.7767956554889679,100,ACCEPT,
P (103).png,P,2,2x,0.7841064929962158,100,ACCEPT,
P (104).png,P,1,3x,0.997705340385437,100,ACCEPT,
P (105).png,P,1,3x,0.9943671822547913,100,ACCEPT,
P (11).png,P,1,3x,0.9799985289573669,45,REJECT,landmark_alani_kucuk|dusuk_spread
P (12).png,P,0,,0,0,REJECT,el_bulunamadi
P (13).png,P,1,2x_clahe,0.9927846193313599,85,ACCEPT,spread_supheli
P (14).png,P,2,2x_clahe,0.7760782241821289,50,REVIEW,spread_supheli|cok_fazla_border
P (15).png,P,2,original,0.8082704246044159,45,REJECT,landmark_alani_kucuk|dusuk_spread
P (16).png,P,1,original,0.9812272191047668,100,ACCEPT,
P (17).png,P,1,2x_clahe_sharp,0.9742874503135681,100,ACCEPT,
P (18).png,P,2,original,0.9765648543834686,85,ACCEPT,spread_supheli
P (19).png,P,1,2x_clahe_sharp,0.9726229310035706,100,ACCEPT,
P (2).png,P,0,,0,0,REJECT,el_bulunamadi
P (20).png,P,1,2x_clahe,0.9834820628166199,100,ACCEPT,
P (21).png,P,1,2x_clahe_sharp,0.9902715086936951,100,ACCEPT,
P (22).png,P,1,2x_clahe,0.9860596656799316,100,ACCEPT,
P (23).png,P,1,2x,0.999641478061676,100,ACCEPT,
P (24).png,P,1,2x,0.9990634918212891,100,ACCEPT,
P (25).png,P,1,original,0.9995520710945129,100,ACCEPT,
P (26).png,P,1,original,0.9552057385444641,100,ACCEPT,
P (27).png,P,1,original,0.9917141199111938,100,ACCEPT,
P (28).png,P,0,,0,0,REJECT,el_bulunamadi
P (29).png,P,0,,0,0,REJECT,el_bulunamadi
P (3).png,P,1,original,0.8962255120277405,20,REJECT,landmark_yigilmis|dusuk_spread
P (30).png,P,1,original,0.9389641284942627,100,ACCEPT,
P (31).png,P,1,2x,0.7834428548812866,100,ACCEPT,
P (32).png,P,1,original,0.9917911887168884,100,ACCEPT,
P (33).png,P,1,2x_clahe,0.5156002044677734,85,ACCEPT,spread_supheli
P (34).png,P,0,,0,0,REJECT,el_bulunamadi
P (35).png,P,1,2x_clahe,0.708106517791748,65,REVIEW,cok_fazla_border
P (36).png,P,0,,0,0,REJECT,el_bulunamadi
P (37).png,P,2,2x,0.868394136428833,65,REVIEW,landmark_alani_kucuk|spread_supheli
P (38).png,P,1,2x_clahe,0.9111865758895874,100,ACCEPT,
P (39).png,P,1,3x,0.9286731481552124,65,REVIEW,landmark_alani_kucuk|spread_supheli
P (4).png,P,1,2x_clahe_sharp,0.9137337803840637,85,ACCEPT,spread_supheli
P (40).png,P,1,3x,0.9967613816261292,100,ACCEPT,
P (41).png,P,1,original,0.9895009398460388,100,ACCEPT,
P (42).png,P,1,original,0.9908031225204468,85,ACCEPT,border_supheli
P (43).png,P,0,,0,0,REJECT,el_bulunamadi
P (44).png,P,1,2x,0.9633033871650696,100,ACCEPT,
P (45).png,P,1,2x,0.9200178980827332,100,ACCEPT,
P (46).png,P,1,2x,0.9903956055641174,100,ACCEPT,
P (47).png,P,2,original,0.808263748884201,100,ACCEPT,
P (48).png,P,1,original,0.9994823336601257,100,ACCEPT,
P (49).png,P,1,original,0.98113614320755,100,ACCEPT,
P (5).png,P,1,2x,0.9697791934013367,65,REVIEW,cok_fazla_border
P (50).png,P,1,3x,0.9704185128211975,100,ACCEPT,
P (51).png,P,2,2x,0.8016702830791473,100,ACCEPT,
P (52).png,P,1,3x,0.9734125733375549,100,ACCEPT,
P (53).png,P,1,3x,0.9921879172325134,100,ACCEPT,
P (54).png,P,1,original,0.9993935823440552,100,ACCEPT,
P (55).png,P,1,original,0.9943821430206299,100,ACCEPT,
P (56).png,P,1,original,0.9971131682395935,100,ACCEPT,
P (57).png,P,1,original,0.9983360767364502,100,ACCEPT,
P (58).png,P,1,original,0.9982877969741821,100,ACCEPT,
P (59).png,P,1,3x,0.9982836842536926,100,ACCEPT,
P (6).png,P,2,2x_clahe,0.6781728267669678,20,REJECT,landmark_yigilmis|dusuk_spread
P (60).png,P,1,2x_clahe_sharp,0.99311763048172,100,ACCEPT,
P (61).png,P,2,2x_clahe,0.8740271031856537,65,REVIEW,landmark_alani_kucuk|spread_supheli
P (62).png,P,2,2x_clahe,0.8168355226516724,65,REVIEW,dusuk_spread
P (63).png,P,1,3x,0.988448977470398,100,ACCEPT,
P (64).png,P,2,2x_clahe,0.9523649513721466,85,ACCEPT,spread_supheli
P (65).png,P,1,2x,0.9927171468734741,100,ACCEPT,
P (66).png,P,1,3x,0.9962233304977417,100,ACCEPT,
P (67).png,P,1,3x,0.9917809367179871,100,ACCEPT,
P (68).png,P,1,3x,0.9934536814689636,100,ACCEPT,
P (69).png,P,2,original,0.9350316524505615,45,REJECT,landmark_alani_kucuk|dusuk_spread
P (7).png,P,2,2x,0.7296658158302307,0,REJECT,landmark_yigilmis|dusuk_spread|cok_fazla_border
P (70).png,P,1,2x,0.9169113636016846,100,ACCEPT,
P (71).png,P,1,original,0.9912370443344116,100,ACCEPT,
P (72).png,P,1,original,0.995907187461853,100,ACCEPT,
P (73).png,P,2,2x_clahe,0.9651173651218414,45,REJECT,landmark_alani_kucuk|dusuk_spread
P (74).png,P,1,3x,0.9948564767837524,100,ACCEPT,
P (75).png,P,1,3x,0.994929850101471,100,ACCEPT,
P (77).png,P,1,3x,0.9908670783042908,85,ACCEPT,spread_supheli
P (78).png,P,0,,0,0,REJECT,el_bulunamadi
P (79).png,P,1,3x,0.978600025177002,45,REJECT,landmark_alani_kucuk|dusuk_spread
P (8).png,P,1,3x,0.9862023591995239,45,REJECT,landmark_alani_kucuk|dusuk_spread
P (80).png,P,1,2x_clahe,0.942815899848938,45,REJECT,landmark_alani_kucuk|dusuk_spread
P (81).png,P,1,2x_clahe,0.9043428897857666,45,REJECT,landmark_alani_kucuk|dusuk_spread
P (82).png,P,0,,0,0,REJECT,el_bulunamadi
P (83).png,P,1,original,0.8042962551116943,100,ACCEPT,
P (84).png,P,1,2x,0.9528131484985352,100,ACCEPT,
P (85).png,P,1,original,0.9884020686149597,100,ACCEPT,
P (86).png,P,1,original,0.9772235751152039,100,ACCEPT,
P (87).png,P,1,3x,0.9902582168579102,100,ACCEPT,
P (88).png,P,0,,0,0,REJECT,el_bulunamadi
P (89).png,P,1,2x_clahe,0.8285589814186096,45,REJECT,landmark_alani_kucuk|dusuk_spread
P (9).png,P,2,original,0.7282320857048035,65,REVIEW,landmark_alani_kucuk|spread_supheli
P (90).png,P,0,,0,0,REJECT,el_bulunamadi
P (91).png,P,1,2x_clahe,0.7075894474983215,50,REVIEW,landmark_alani_kucuk|spread_supheli|kisa_bone
P (92).png,P,1,2x_clahe_sharp,0.9951438307762146,45,REJECT,landmark_alani_kucuk|dusuk_spread
P (93).png,P,1,2x_clahe,0.8896106481552124,45,REJECT,landmark_alani_kucuk|dusuk_spread
P (94).png,P,0,,0,0,REJECT,el_bulunamadi
P (95).png,P,1,2x_clahe_sharp,0.8532059788703918,20,REJECT,landmark_yigilmis|dusuk_spread
P (96).png,P,1,2x,0.9978581070899963,100,ACCEPT,
P (97).png,P,2,original,0.8604559898376465,100,ACCEPT,
P (98).png,P,2,original,0.9874696731567383,85,ACCEPT,spread_supheli
P (99).png,P,1,2x,0.9538999795913696,100,ACCEPT,
R (1).png,R,1,original,0.9998505115509033,100,ACCEPT,
R (10).png,R,2,original,0.921458512544632,45,REJECT,landmark_alani_kucuk|dusuk_spread
R (100).png,R,2,original,0.9933618903160095,100,ACCEPT,
R (101).png,R,2,original,0.989349752664566,100,ACCEPT,
R (102).png,R,2,original,0.9906574487686157,100,ACCEPT,
R (103).png,R,2,original,0.991902768611908,100,ACCEPT,
R (104).png,R,2,original,0.8196365237236023,100,ACCEPT,
R (105).png,R,2,original,0.984015703201294,100,ACCEPT,
R (11).png,R,0,,0,0,REJECT,el_bulunamadi
R (12).png,R,2,2x,0.8154653608798981,45,REJECT,landmark_alani_kucuk|dusuk_spread
R (13).png,R,1,original,0.999146580696106,100,ACCEPT,
R (14).png,R,1,original,0.9992454051971436,100,ACCEPT,
R (15).png,R,1,original,0.9994962811470032,100,ACCEPT,
R (16).png,R,0,,0,0,REJECT,el_bulunamadi
R (17).png,R,1,original,0.9033137559890747,100,ACCEPT,
R (18).png,R,1,2x_clahe,0.8353870511054993,100,ACCEPT,
R (19).png,R,1,3x,0.9611657857894897,100,ACCEPT,
R (2).png,R,1,original,0.999758243560791,100,ACCEPT,
R (20).png,R,1,original,0.9755842685699463,100,ACCEPT,
R (21).png,R,1,3x,0.928182065486908,100,ACCEPT,
R (22).png,R,1,2x_clahe_sharp,0.7841345071792603,100,ACCEPT,
R (23).png,R,1,2x,0.9886109232902527,100,ACCEPT,
R (24).png,R,0,,0,0,REJECT,el_bulunamadi
R (25).png,R,1,original,0.9487239122390747,100,ACCEPT,
R (26).png,R,1,2x_clahe_sharp,0.9885642528533936,100,ACCEPT,
R (27).png,R,1,original,0.7927864789962769,100,ACCEPT,
R (28).png,R,1,2x,0.9869881868362427,100,ACCEPT,
R (29).png,R,1,2x_clahe,0.9870917797088623,100,ACCEPT,
R (3).png,R,1,3x,0.9995946288108826,100,ACCEPT,
R (30).png,R,1,2x_clahe,0.8034692406654358,100,ACCEPT,
R (31).png,R,1,3x,0.9066714644432068,65,REVIEW,landmark_alani_kucuk|spread_supheli
R (32).png,R,1,original,0.6803860664367676,65,REVIEW,landmark_alani_kucuk|spread_supheli
R (33).png,R,1,2x,0.9718796014785767,100,ACCEPT,
R (34).png,R,1,3x,0.9397650957107544,85,ACCEPT,spread_supheli
R (35).png,R,2,original,0.7046019732952118,65,REVIEW,landmark_alani_kucuk|spread_supheli
R (36).png,R,1,original,0.9787816405296326,45,REJECT,landmark_alani_kucuk|dusuk_spread
R (37).png,R,2,original,0.9155896008014679,20,REJECT,landmark_yigilmis|dusuk_spread
R (38).png,R,1,2x,0.6819889545440674,65,REVIEW,landmark_alani_kucuk|spread_supheli
R (39).png,R,1,original,0.9976049065589905,100,ACCEPT,
R (4).png,R,1,2x_clahe,0.9960970878601074,100,ACCEPT,
R (40).png,R,2,original,0.8177656829357147,45,REJECT,landmark_alani_kucuk|dusuk_spread
R (41).png,R,1,3x,0.9686675071716309,20,REJECT,landmark_yigilmis|dusuk_spread
R (42).png,R,1,original,0.9894266128540039,100,ACCEPT,
R (43).png,R,2,original,0.9622166156768799,20,REJECT,landmark_yigilmis|dusuk_spread
R (44).png,R,2,original,0.9764560163021088,45,REJECT,landmark_alani_kucuk|dusuk_spread
R (45).png,R,1,2x,0.884066104888916,40,REJECT,landmark_yigilmis|spread_supheli
R (46).png,R,2,original,0.9841316044330597,100,ACCEPT,
R (47).png,R,1,original,0.9972984790802002,100,ACCEPT,
R (48).png,R,2,original,0.9982454180717468,85,ACCEPT,border_supheli
R (49).png,R,2,original,0.9901622533798218,100,ACCEPT,
R (5).png,R,1,2x,0.9993598461151123,100,ACCEPT,
R (50).png,R,1,3x,0.998001754283905,100,ACCEPT,
R (51).png,R,1,2x,0.995701014995575,100,ACCEPT,
R (52).png,R,1,3x,0.9956855177879333,100,ACCEPT,
R (53).png,R,1,original,0.9948439598083496,100,ACCEPT,
R (54).png,R,1,3x,0.9940731525421143,100,ACCEPT,
R (55).png,R,1,original,0.9601905941963196,100,ACCEPT,
R (56).png,R,1,original,0.9931972622871399,100,ACCEPT,
R (57).png,R,1,original,0.9860610961914062,100,ACCEPT,
R (58).png,R,1,2x,0.9958071708679199,100,ACCEPT,
R (59).png,R,1,3x,0.9985498785972595,100,ACCEPT,
R (6).png,R,1,2x_clahe,0.9965306520462036,85,ACCEPT,border_supheli
R (60).png,R,1,2x_clahe,0.991540789604187,100,ACCEPT,
R (61).png,R,2,original,0.7810840904712677,45,REJECT,spread_supheli|landmark_alani_kucuk|dusuk_spread
R (62).png,R,1,2x_clahe,0.9563690423965454,65,REVIEW,dusuk_spread
R (63).png,R,1,2x_clahe,0.8819427490234375,45,REJECT,landmark_alani_kucuk|dusuk_spread
R (64).png,R,2,original,0.966020405292511,85,ACCEPT,spread_supheli
R (65).png,R,2,3x,0.9165196120738983,85,ACCEPT,spread_supheli
R (66).png,R,1,original,0.935786783695221,85,ACCEPT,spread_supheli
R (67).png,R,1,2x_clahe,0.9703255295753479,85,ACCEPT,spread_supheli
R (68).png,R,2,2x_clahe,0.8468268811702728,85,ACCEPT,spread_supheli
R (69).png,R,1,3x,0.9597411155700684,85,ACCEPT,spread_supheli
R (7).png,R,1,3x,0.9984462261199951,100,ACCEPT,
R (70).png,R,2,2x,0.7606891989707947,20,REJECT,spread_supheli|landmark_yigilmis|dusuk_spread
R (71).png,R,2,2x_clahe,0.9309335052967072,85,ACCEPT,border_supheli|spread_supheli
R (72).png,R,1,original,0.9311805963516235,85,ACCEPT,spread_supheli
R (73).png,R,1,3x,0.6820197701454163,85,ACCEPT,spread_supheli
R (74).png,R,1,3x,0.9135591983795166,85,ACCEPT,spread_supheli
R (75).png,R,1,2x_clahe_sharp,0.9188205003738403,85,ACCEPT,spread_supheli
R (77).png,R,1,3x,0.9159162640571594,85,ACCEPT,spread_supheli
R (78).png,R,0,,0,0,REJECT,el_bulunamadi
R (79).png,R,1,2x_clahe,0.8459559679031372,65,REVIEW,landmark_alani_kucuk|spread_supheli
R (8).png,R,1,3x,0.9746559858322144,85,ACCEPT,border_supheli
R (80).png,R,1,2x,0.9804199934005737,100,ACCEPT,
R (81).png,R,2,original,0.9659807682037354,100,ACCEPT,
R (82).png,R,1,3x,0.9911693334579468,100,ACCEPT,
R (83).png,R,1,original,0.9921206831932068,100,ACCEPT,
R (84).png,R,1,2x,0.9856559038162231,100,ACCEPT,
R (85).png,R,1,3x,0.9797286987304688,100,ACCEPT,
R (86).png,R,1,2x_clahe,0.9863287806510925,100,ACCEPT,
R (87).png,R,1,original,0.990858793258667,100,ACCEPT,
R (88).png,R,1,3x,0.9837629795074463,100,ACCEPT,
R (89).png,R,1,original,0.9962361454963684,100,ACCEPT,
R (9).png,R,1,2x_clahe,0.999272882938385,85,ACCEPT,border_supheli
R (90).png,R,1,original,0.9795804619789124,100,ACCEPT,
R (91).png,R,2,original,0.9956813752651215,100,ACCEPT,
R (92).png,R,2,original,0.995101660490036,100,ACCEPT,
R (93).png,R,2,original,0.9812952876091003,100,ACCEPT,
R (94).png,R,2,original,0.9935964643955231,100,ACCEPT,
R (95).png,R,2,original,0.9954322874546051,100,ACCEPT,
R (96).png,R,2,original,0.9948171079158783,100,ACCEPT,
R (97).png,R,2,original,0.9960542917251587,100,ACCEPT,
R (98).png,R,2,original,0.997084230184555,100,ACCEPT,
R (99).png,R,2,original,0.9965910315513611,100,ACCEPT,
S (1).png,S,2,original,0.9924014210700989,85,ACCEPT,border_supheli
S (10).png,S,0,,0,0,REJECT,el_bulunamadi
S (100).png,S,1,2x_clahe_sharp,0.9709839820861816,85,ACCEPT,spread_supheli
S (101).png,S,1,3x,0.9990439414978027,100,ACCEPT,
S (102).png,S,2,original,0.9968791902065277,85,ACCEPT,border_supheli
S (103).png,S,1,original,0.9313978552818298,100,ACCEPT,
S (104).png,S,0,,0,0,REJECT,el_bulunamadi
S (105).png,S,2,original,0.9802353084087372,100,ACCEPT,
S (11).png,S,1,original,0.998778760433197,100,ACCEPT,
S (12).png,S,0,,0,0,REJECT,el_bulunamadi
S (13).png,S,2,original,0.9372891485691071,85,ACCEPT,border_supheli
S (14).png,S,1,2x_clahe_sharp,0.9962940812110901,100,ACCEPT,
S (15).png,S,1,2x_clahe,0.9918720722198486,100,ACCEPT,
S (16).png,S,1,original,0.9527411460876465,100,ACCEPT,
S (17).png,S,1,original,0.9652177691459656,85,ACCEPT,border_supheli
S (18).png,S,1,original,0.8505812883377075,100,ACCEPT,
S (19).png,S,2,2x_clahe,0.7531397044658661,100,ACCEPT,
S (2).png,S,1,original,0.9847643971443176,100,ACCEPT,
S (20).png,S,2,original,0.9966548383235931,100,ACCEPT,
S (21).png,S,2,original,0.9953244924545288,100,ACCEPT,
S (22).png,S,0,,0,0,REJECT,el_bulunamadi
S (23).png,S,0,,0,0,REJECT,el_bulunamadi
S (24).png,S,2,original,0.9904056191444397,100,ACCEPT,
S (25).png,S,1,2x,0.9953081607818604,100,ACCEPT,
S (26).png,S,1,2x_clahe,0.9394602179527283,100,ACCEPT,
S (27).png,S,0,,0,0,REJECT,el_bulunamadi
S (28).png,S,1,3x,0.7499162554740906,100,ACCEPT,
S (29).png,S,1,original,0.9925296902656555,100,ACCEPT,
S (3).png,S,2,original,0.8017735481262207,85,ACCEPT,border_supheli
S (30).png,S,2,original,0.9973181486129761,100,ACCEPT,
S (31).png,S,1,original,0.9891334176063538,100,ACCEPT,
S (32).png,S,2,original,0.944097638130188,100,ACCEPT,
S (33).png,S,1,2x,0.9959813356399536,100,ACCEPT,
S (34).png,S,1,3x,0.9963992238044739,100,ACCEPT,
S (35).png,S,2,original,0.9979797899723053,100,ACCEPT,
S (36).png,S,2,original,0.9976567029953003,100,ACCEPT,
S (37).png,S,1,3x,0.9961974620819092,100,ACCEPT,
S (38).png,S,1,2x,0.9937757253646851,100,ACCEPT,
S (39).png,S,1,3x,0.9958611726760864,100,ACCEPT,
S (4).png,S,2,2x_clahe,0.9913705289363861,100,ACCEPT,
S (40).png,S,1,original,0.9950476288795471,100,ACCEPT,
S (41).png,S,1,original,0.9957718253135681,100,ACCEPT,
S (42).png,S,1,2x_clahe,0.9895386695861816,100,ACCEPT,
S (43).png,S,1,2x_clahe,0.9768205881118774,100,ACCEPT,
S (44).png,S,2,original,0.9132259786128998,100,ACCEPT,
S (45).png,S,2,original,0.9927547872066498,100,ACCEPT,
S (46).png,S,2,original,0.9945895373821259,100,ACCEPT,
S (47).png,S,1,2x,0.9981414675712585,100,ACCEPT,
S (48).png,S,2,original,0.9992941915988922,100,ACCEPT,
S (49).png,S,1,3x,0.9931597113609314,100,ACCEPT,
S (5).png,S,2,original,0.9940302670001984,100,ACCEPT,
S (50).png,S,2,original,0.9962992966175079,100,ACCEPT,
S (51).png,S,2,original,0.9977025985717773,100,ACCEPT,
S (52).png,S,2,original,0.997324138879776,100,ACCEPT,
S (53).png,S,2,original,0.9952312707901001,100,ACCEPT,
S (54).png,S,2,original,0.9744338989257812,100,ACCEPT,
S (55).png,S,2,original,0.9893685579299927,100,ACCEPT,
S (56).png,S,2,original,0.9951928853988647,100,ACCEPT,
S (57).png,S,2,original,0.9933769702911377,100,ACCEPT,
S (58).png,S,2,original,0.9980830550193787,100,ACCEPT,
S (59).png,S,2,original,0.9978997111320496,100,ACCEPT,
S (6).png,S,2,original,0.982725590467453,100,ACCEPT,
S (60).png,S,2,original,0.9988711476325989,100,ACCEPT,
S (61).png,S,2,original,0.9413526654243469,85,ACCEPT,border_supheli
S (62).png,S,2,original,0.8436252772808075,85,ACCEPT,border_supheli
S (63).png,S,1,3x,0.9978662133216858,100,ACCEPT,
S (64).png,S,0,,0,0,REJECT,el_bulunamadi
S (65).png,S,2,original,0.8635909259319305,85,ACCEPT,border_supheli
S (66).png,S,0,,0,0,REJECT,el_bulunamadi
S (67).png,S,1,2x_clahe,0.9510427713394165,100,ACCEPT,
S (68).png,S,2,original,0.8393454253673553,100,ACCEPT,
S (69).png,S,2,original,0.8996147215366364,85,ACCEPT,border_supheli
S (7).png,S,1,original,0.9862664937973022,100,ACCEPT,
S (70).png,S,0,,0,0,REJECT,el_bulunamadi
S (71).png,S,1,3x,0.89253169298172,100,ACCEPT,
S (72).png,S,1,original,0.9212591648101807,100,ACCEPT,
S (73).png,S,0,,0,0,REJECT,el_bulunamadi
S (74).png,S,1,2x,0.7612711191177368,70,REVIEW,palm_cok_kucuk
S (75).png,S,1,3x,0.9979588985443115,85,ACCEPT,border_supheli
S (77).png,S,0,,0,0,REJECT,el_bulunamadi
S (78).png,S,1,3x,0.6173878908157349,45,REJECT,landmark_alani_kucuk|dusuk_spread
S (79).png,S,0,,0,0,REJECT,el_bulunamadi
S (8).png,S,1,original,0.9996508359909058,100,ACCEPT,
S (80).png,S,1,2x,0.8112031817436218,45,REJECT,landmark_alani_kucuk|dusuk_spread
S (81).png,S,0,,0,0,REJECT,el_bulunamadi
S (82).png,S,1,3x,0.6312026381492615,50,REVIEW,landmark_alani_kucuk|spread_supheli|kisa_bone
S (83).png,S,0,,0,0,REJECT,el_bulunamadi
S (84).png,S,1,original,0.7921435236930847,30,REJECT,landmark_alani_kucuk|dusuk_spread|kisa_bone
S (85).png,S,0,,0,0,REJECT,el_bulunamadi
S (86).png,S,0,,0,0,REJECT,el_bulunamadi
S (87).png,S,0,,0,0,REJECT,el_bulunamadi
S (88).png,S,0,,0,0,REJECT,el_bulunamadi
S (89).png,S,0,,0,0,REJECT,el_bulunamadi
S (9).png,S,0,,0,0,REJECT,el_bulunamadi
S (90).png,S,1,2x,0.7438879013061523,85,ACCEPT,spread_supheli
S (91).png,S,0,,0,0,REJECT,el_bulunamadi
S (92).png,S,1,original,0.6549122333526611,40,REJECT,landmark_yigilmis|spread_supheli
S (93).png,S,2,original,0.8225154876708984,20,REJECT,landmark_yigilmis|dusuk_spread
S (94).png,S,1,original,0.9994519352912903,100,ACCEPT,
S (95).png,S,1,original,0.8184009194374084,25,REJECT,landmark_yigilmis|spread_supheli|kisa_bone
S (96).png,S,1,original,0.9984397888183594,100,ACCEPT,
S (97).png,S,2,original,0.8124399185180664,100,ACCEPT,
S (98).png,S,2,original,0.9952366650104523,100,ACCEPT,
S (99).png,S,2,original,0.9922492504119873,100,ACCEPT,
T (1).png,T,1,2x_clahe,0.9997026324272156,100,ACCEPT,
T (10).png,T,2,original,0.998859316110611,100,ACCEPT,
T (100).png,T,2,original,0.7973608672618866,5,REJECT,landmark_yigilmis|dusuk_spread|kisa_bone
T (101).png,T,1,original,0.9998025298118591,100,ACCEPT,
T (102).png,T,2,original,0.8192404508590698,20,REJECT,landmark_yigilmis|dusuk_spread
T (103).png,T,1,original,0.9994901418685913,100,ACCEPT,
T (104).png,T,1,2x_clahe_sharp,0.9997808337211609,100,ACCEPT,
T (105).png,T,1,2x_clahe_sharp,0.9998074173927307,100,ACCEPT,
T (11).png,T,2,2x,0.9985730648040771,100,ACCEPT,
T (12).png,T,2,original,0.9980566203594208,100,ACCEPT,
T (13).png,T,1,2x_clahe,0.9995465874671936,100,ACCEPT,
T (14).png,T,1,2x_clahe,0.9997490048408508,100,ACCEPT,
T (15).png,T,1,original,0.9998877644538879,100,ACCEPT,
T (16).png,T,1,3x,0.9990763068199158,100,ACCEPT,
T (17).png,T,1,3x,0.9994899034500122,100,ACCEPT,
T (18).png,T,1,2x_clahe_sharp,0.9992496967315674,100,ACCEPT,
T (19).png,T,1,2x_clahe_sharp,0.9997970461845398,100,ACCEPT,
T (2).png,T,1,original,0.9993591904640198,100,ACCEPT,
T (20).png,T,1,2x_clahe,0.9995746612548828,100,ACCEPT,
T (21).png,T,1,2x_clahe,0.9995476603507996,100,ACCEPT,
T (22).png,T,2,original,0.9960821270942688,100,ACCEPT,
T (23).png,T,2,original,0.996741771697998,100,ACCEPT,
T (24).png,T,1,2x_clahe,0.9999228715896606,100,ACCEPT,
T (25).png,T,2,original,0.9975131452083588,100,ACCEPT,
T (26).png,T,1,3x,0.9984627366065979,100,ACCEPT,
T (27).png,T,2,original,0.9986643493175507,100,ACCEPT,
T (28).png,T,1,2x_clahe_sharp,0.998227059841156,100,ACCEPT,
T (29).png,T,2,original,0.9831359684467316,100,ACCEPT,
T (3).png,T,1,2x_clahe,0.9994899034500122,100,ACCEPT,
T (30).png,T,2,original,0.9962847530841827,100,ACCEPT,
T (31).png,T,1,2x,0.8242630362510681,100,ACCEPT,
T (32).png,T,1,original,0.9557792544364929,100,ACCEPT,
T (33).png,T,1,2x_clahe,0.9985592365264893,100,ACCEPT,
T (34).png,T,1,3x,0.9995308518409729,100,ACCEPT,
T (35).png,T,2,original,0.9831013679504395,100,ACCEPT,
T (36).png,T,1,2x_clahe,0.9793282151222229,100,ACCEPT,
T (37).png,T,1,original,0.9987319707870483,100,ACCEPT,
T (38).png,T,1,original,0.9990671277046204,100,ACCEPT,
T (39).png,T,1,original,0.9993613958358765,100,ACCEPT,
T (4).png,T,1,3x,0.9998188614845276,100,ACCEPT,
T (40).png,T,1,original,0.9999023675918579,100,ACCEPT,
T (41).png,T,1,original,0.9990602731704712,100,ACCEPT,
T (42).png,T,0,,0,0,REJECT,el_bulunamadi
T (43).png,T,1,3x,0.9994223713874817,100,ACCEPT,
T (44).png,T,2,original,0.9888811707496643,100,ACCEPT,
T (45).png,T,2,original,0.9247195720672607,100,ACCEPT,
T (46).png,T,2,original,0.9464893937110901,100,ACCEPT,
T (47).png,T,1,3x,0.9997071623802185,100,ACCEPT,
T (48).png,T,0,,0,0,REJECT,el_bulunamadi
T (49).png,T,2,original,0.9970020055770874,100,ACCEPT,
T (5).png,T,2,original,0.9965139329433441,100,ACCEPT,
T (50).png,T,2,original,0.9608781039714813,100,ACCEPT,
T (51).png,T,2,original,0.9920917451381683,100,ACCEPT,
T (52).png,T,0,,0,0,REJECT,el_bulunamadi
T (53).png,T,1,original,0.999164879322052,100,ACCEPT,
T (54).png,T,1,original,0.983787477016449,100,ACCEPT,
T (55).png,T,2,2x_clahe,0.7902810275554657,45,REJECT,border_supheli|landmark_alani_kucuk|dusuk_spread
T (56).png,T,1,3x,0.9475517272949219,100,ACCEPT,
T (57).png,T,1,2x_clahe,0.7980107069015503,20,REJECT,landmark_yigilmis|dusuk_spread
T (6).png,T,1,2x_clahe,0.9995784163475037,100,ACCEPT,
T (61).png,T,1,2x,0.8712117075920105,45,REJECT,landmark_alani_kucuk|dusuk_spread
T (62).png,T,1,original,0.9471290111541748,85,ACCEPT,spread_supheli
T (63).png,T,1,original,0.9898474812507629,100,ACCEPT,
T (64).png,T,1,original,0.9736820459365845,20,REJECT,landmark_yigilmis|dusuk_spread
T (65).png,T,1,original,0.9666801691055298,20,REJECT,landmark_yigilmis|dusuk_spread
T (66).png,T,1,2x_clahe,0.748212456703186,85,ACCEPT,spread_supheli
T (67).png,T,2,original,0.9436132311820984,20,REJECT,spread_supheli|landmark_yigilmis|dusuk_spread
T (68).png,T,1,2x_clahe,0.963897705078125,20,REJECT,landmark_yigilmis|dusuk_spread
T (69).png,T,2,original,0.9687199890613556,20,REJECT,landmark_yigilmis|dusuk_spread|spread_supheli
T (7).png,T,1,2x,0.998386025428772,100,ACCEPT,
T (70).png,T,0,,0,0,REJECT,el_bulunamadi
T (71).png,T,1,2x,0.9618843793869019,20,REJECT,landmark_yigilmis|dusuk_spread
T (72).png,T,2,2x_clahe,0.9596038162708282,85,ACCEPT,spread_supheli|spread_supheli
T (73).png,T,1,original,0.9794356226921082,20,REJECT,landmark_yigilmis|dusuk_spread
T (74).png,T,0,,0,0,REJECT,el_bulunamadi
T (75).png,T,2,original,0.7890243828296661,20,REJECT,landmark_yigilmis|dusuk_spread|landmark_yigilmis|dusuk_spread
T (8).png,T,1,original,0.997398316860199,100,ACCEPT,
T (82).png,T,1,original,0.9963130950927734,100,ACCEPT,
T (83).png,T,2,original,0.8452258706092834,45,REJECT,landmark_alani_kucuk|dusuk_spread
T (84).png,T,2,original,0.9965986907482147,100,ACCEPT,
T (85).png,T,2,3x,0.7697685062885284,45,REJECT,landmark_alani_kucuk|dusuk_spread|landmark_alani_kucuk|dusuk_spread
T (86).png,T,1,original,0.9962203502655029,100,ACCEPT,
T (87).png,T,1,2x_clahe,0.8049190044403076,85,ACCEPT,spread_supheli
T (88).png,T,2,original,0.8441127836704254,85,ACCEPT,spread_supheli
T (89).png,T,1,2x_clahe,0.913424551486969,45,REJECT,landmark_alani_kucuk|dusuk_spread
T (9).png,T,2,original,0.9982149302959442,100,ACCEPT,
T (90).png,T,1,3x,0.9948236346244812,100,ACCEPT,
T (91).png,T,1,2x_clahe_sharp,0.9997609853744507,100,ACCEPT,
T (92).png,T,2,original,0.8543894588947296,20,REJECT,landmark_yigilmis|dusuk_spread
T (93).png,T,2,original,0.7588951587677002,5,REJECT,landmark_yigilmis|dusuk_spread|kisa_bone
T (94).png,T,1,2x_clahe_sharp,0.9996422529220581,100,ACCEPT,
T (95).png,T,2,2x_clahe,0.8076172173023224,45,REJECT,landmark_alani_kucuk|dusuk_spread
T (96).png,T,2,original,0.821868360042572,85,ACCEPT,spread_supheli
T (97).png,T,1,3x,0.9996198415756226,100,ACCEPT,
T (98).png,T,2,original,0.7933851778507233,20,REJECT,landmark_yigilmis|dusuk_spread
T (99).png,T,2,original,0.7567320466041565,5,REJECT,landmark_yigilmis|dusuk_spread|kisa_bone
U (1).png,U,1,original,0.9453628659248352,100,ACCEPT,
U (10).png,U,1,3x,0.8428290486335754,100,ACCEPT,
U (100).png,U,0,,0,0,REJECT,el_bulunamadi
U (101).png,U,1,2x_clahe,0.5993155241012573,100,ACCEPT,
U (102).png,U,0,,0,0,REJECT,el_bulunamadi
U (103).png,U,0,,0,0,REJECT,el_bulunamadi
U (104).png,U,0,,0,0,REJECT,el_bulunamadi
U (105).png,U,0,,0,0,REJECT,el_bulunamadi
U (11).png,U,1,2x,0.6994808912277222,100,ACCEPT,
U (12).png,U,2,3x,0.7483310699462891,100,ACCEPT,
U (13).png,U,2,original,0.7211679220199585,100,ACCEPT,
U (14).png,U,2,original,0.7556626796722412,100,ACCEPT,
U (15).png,U,2,original,0.805107593536377,100,ACCEPT,
U (16).png,U,1,3x,0.8964310884475708,100,ACCEPT,
U (17).png,U,1,3x,0.9516371488571167,100,ACCEPT,
U (18).png,U,0,,0,0,REJECT,el_bulunamadi
U (19).png,U,1,2x,0.9726986289024353,100,ACCEPT,
U (2).png,U,0,,0,0,REJECT,el_bulunamadi
U (20).png,U,1,3x,0.7033758759498596,100,ACCEPT,
U (21).png,U,1,2x_clahe_sharp,0.8740884065628052,100,ACCEPT,
U (22).png,U,1,2x_clahe,0.9675420522689819,100,ACCEPT,
U (23).png,U,1,2x_clahe,0.9667315483093262,100,ACCEPT,
U (24).png,U,1,2x_clahe_sharp,0.9898498058319092,100,ACCEPT,
U (25).png,U,1,2x_clahe_sharp,0.8426806926727295,100,ACCEPT,
U (26).png,U,1,2x_clahe,0.9620876908302307,100,ACCEPT,
U (27).png,U,1,2x_clahe_sharp,0.8040609359741211,100,ACCEPT,
U (28).png,U,1,2x_clahe,0.6555086374282837,100,ACCEPT,
U (29).png,U,1,2x_clahe_sharp,0.7791958451271057,100,ACCEPT,
U (3).png,U,1,3x,0.9403839111328125,100,ACCEPT,
U (30).png,U,1,2x_clahe,0.9719223380088806,100,ACCEPT,
U (31).png,U,1,original,0.9284043312072754,100,ACCEPT,
U (32).png,U,0,,0,0,REJECT,el_bulunamadi
U (33).png,U,0,,0,0,REJECT,el_bulunamadi
U (34).png,U,1,2x_clahe,0.8009936809539795,65,REVIEW,cok_fazla_border
U (35).png,U,0,,0,0,REJECT,el_bulunamadi
U (36).png,U,0,,0,0,REJECT,el_bulunamadi
U (37).png,U,0,,0,0,REJECT,el_bulunamadi
U (38).png,U,0,,0,0,REJECT,el_bulunamadi
U (39).png,U,0,,0,0,REJECT,el_bulunamadi
U (4).png,U,1,3x,0.7942187786102295,100,ACCEPT,
U (40).png,U,1,original,0.9990138411521912,100,ACCEPT,
U (41).png,U,0,,0,0,REJECT,el_bulunamadi
U (42).png,U,0,,0,0,REJECT,el_bulunamadi
U (43).png,U,0,,0,0,REJECT,el_bulunamadi
U (44).png,U,0,,0,0,REJECT,el_bulunamadi
U (45).png,U,0,,0,0,REJECT,el_bulunamadi
U (46).png,U,1,2x_clahe,0.9376243948936462,100,ACCEPT,
U (47).png,U,2,2x_clahe,0.9692729413509369,85,ACCEPT,spread_supheli
U (48).png,U,1,2x_clahe,0.9517675042152405,100,ACCEPT,
U (49).png,U,1,2x_clahe_sharp,0.9712235331535339,100,ACCEPT,
U (5).png,U,1,2x_clahe_sharp,0.9717358350753784,100,ACCEPT,
U (50).png,U,0,,0,0,REJECT,el_bulunamadi
U (51).png,U,1,original,0.93413245677948,100,ACCEPT,
U (52).png,U,1,2x_clahe,0.9743831157684326,100,ACCEPT,
U (53).png,U,1,2x,0.9879481196403503,100,ACCEPT,
U (54).png,U,1,original,0.9531019330024719,100,ACCEPT,
U (55).png,U,1,original,0.9837126135826111,100,ACCEPT,
U (56).png,U,1,2x,0.985789954662323,100,ACCEPT,
U (57).png,U,1,2x,0.9905688166618347,100,ACCEPT,
U (58).png,U,1,original,0.958805501461029,100,ACCEPT,
U (59).png,U,1,2x,0.9503542184829712,100,ACCEPT,
U (6).png,U,0,,0,0,REJECT,el_bulunamadi
U (60).png,U,1,2x_clahe,0.9297725558280945,100,ACCEPT,
U (61).png,U,1,2x_clahe,0.7444179654121399,100,ACCEPT,
U (62).png,U,1,2x_clahe_sharp,0.9918242692947388,100,ACCEPT,
U (63).png,U,1,2x_clahe_sharp,0.9715116024017334,100,ACCEPT,
U (64).png,U,1,2x_clahe_sharp,0.9944310784339905,100,ACCEPT,
U (65).png,U,1,2x_clahe_sharp,0.9905491471290588,100,ACCEPT,
U (66).png,U,1,2x_clahe_sharp,0.8881701231002808,100,ACCEPT,
U (67).png,U,2,2x_clahe,0.976291835308075,100,ACCEPT,
U (68).png,U,1,2x_clahe,0.9964870810508728,100,ACCEPT,
U (69).png,U,1,2x_clahe,0.9958629608154297,100,ACCEPT,
U (7).png,U,0,,0,0,REJECT,el_bulunamadi
U (70).png,U,1,2x_clahe_sharp,0.993693470954895,100,ACCEPT,
U (71).png,U,2,2x_clahe,0.8231706321239471,100,ACCEPT,
U (72).png,U,1,2x_clahe,0.9949455261230469,100,ACCEPT,
U (73).png,U,1,original,0.7630390524864197,100,ACCEPT,
U (74).png,U,1,2x,0.7923130393028259,100,ACCEPT,
U (75).png,U,1,2x_clahe_sharp,0.9795023202896118,100,ACCEPT,
U (77).png,U,2,original,0.9046503901481628,45,REJECT,landmark_alani_kucuk|dusuk_spread
U (78).png,U,2,original,0.9730958342552185,45,REJECT,landmark_alani_kucuk|dusuk_spread
U (79).png,U,1,2x,0.9953818321228027,100,ACCEPT,
U (8).png,U,1,2x,0.9659337401390076,100,ACCEPT,
U (80).png,U,1,2x,0.9917476177215576,100,ACCEPT,
U (81).png,U,0,,0,0,REJECT,el_bulunamadi
U (82).png,U,0,,0,0,REJECT,el_bulunamadi
U (83).png,U,0,,0,0,REJECT,el_bulunamadi
U (84).png,U,0,,0,0,REJECT,el_bulunamadi
U (85).png,U,1,2x_clahe,0.9955847263336182,85,ACCEPT,spread_supheli
U (86).png,U,0,,0,0,REJECT,el_bulunamadi
U (87).png,U,0,,0,0,REJECT,el_bulunamadi
U (88).png,U,1,3x,0.998912513256073,100,ACCEPT,
U (89).png,U,0,,0,0,REJECT,el_bulunamadi
U (9).png,U,1,2x,0.9249481558799744,100,ACCEPT,
U (90).png,U,0,,0,0,REJECT,el_bulunamadi
U (91).png,U,1,2x,0.9781585335731506,100,ACCEPT,
U (92).png,U,1,2x,0.903914749622345,100,ACCEPT,
U (93).png,U,1,2x_clahe,0.9830325841903687,100,ACCEPT,
U (94).png,U,1,2x_clahe,0.9315037727355957,100,ACCEPT,
U (95).png,U,1,2x_clahe,0.9623386263847351,100,ACCEPT,
U (96).png,U,1,original,0.9903053045272827,100,ACCEPT,
U (97).png,U,1,2x,0.9679632782936096,100,ACCEPT,
U (98).png,U,1,3x,0.9126525521278381,100,ACCEPT,
U (99).png,U,1,2x_clahe,0.8059079051017761,65,REVIEW,landmark_alani_kucuk|spread_supheli
V (1).png,V,1,3x,0.9703750610351562,100,ACCEPT,
V (10).png,V,1,original,0.7433761954307556,100,ACCEPT,
V (100).png,V,1,original,0.9942544102668762,100,ACCEPT,
V (101).png,V,1,2x,0.9967856407165527,100,ACCEPT,
V (102).png,V,1,original,0.997427225112915,100,ACCEPT,
V (103).png,V,1,2x_clahe,0.9963299036026001,100,ACCEPT,
V (104).png,V,1,2x,0.9971283674240112,100,ACCEPT,
V (105).png,V,1,original,0.9963909983634949,100,ACCEPT,
V (11).png,V,2,original,0.932148277759552,85,ACCEPT,spread_supheli
V (12).png,V,2,original,0.8723179996013641,45,REJECT,landmark_alani_kucuk|dusuk_spread
V (13).png,V,0,,0,0,REJECT,el_bulunamadi
V (14).png,V,0,,0,0,REJECT,el_bulunamadi
V (15).png,V,0,,0,0,REJECT,el_bulunamadi
V (16).png,V,0,,0,0,REJECT,el_bulunamadi
V (17).png,V,1,original,0.9893220067024231,100,ACCEPT,
V (18).png,V,1,3x,0.9651245474815369,100,ACCEPT,
V (19).png,V,0,,0,0,REJECT,el_bulunamadi
V (2).png,V,1,original,0.9832454323768616,100,ACCEPT,
V (20).png,V,1,3x,0.7949670553207397,85,ACCEPT,border_supheli
V (21).png,V,1,2x_clahe_sharp,0.8962274789810181,100,ACCEPT,
V (22).png,V,1,original,0.9686315059661865,100,ACCEPT,
V (23).png,V,1,2x_clahe,0.9601678848266602,100,ACCEPT,
V (24).png,V,1,3x,0.8522231578826904,100,ACCEPT,
V (25).png,V,1,3x,0.9858245253562927,100,ACCEPT,
V (26).png,V,1,2x,0.8766438961029053,100,ACCEPT,
V (27).png,V,1,2x,0.9497985243797302,100,ACCEPT,
V (28).png,V,1,original,0.9734500050544739,100,ACCEPT,
V (29).png,V,1,3x,0.9667545557022095,100,ACCEPT,
V (3).png,V,1,original,0.8592187762260437,100,ACCEPT,
V (30).png,V,1,original,0.97886061668396,100,ACCEPT,
V (31).png,V,1,2x_clahe,0.99321448802948,50,REVIEW,spread_supheli|cok_fazla_border
V (32).png,V,1,2x,0.8041671514511108,100,ACCEPT,
V (33).png,V,1,original,0.5763443112373352,100,ACCEPT,
V (34).png,V,1,2x,0.8052350878715515,100,ACCEPT,
V (35).png,V,1,2x,0.7684054970741272,100,ACCEPT,
V (36).png,V,1,2x,0.8829364776611328,100,ACCEPT,
V (37).png,V,1,2x,0.9185062050819397,100,ACCEPT,
V (38).png,V,1,2x_clahe_sharp,0.9968183040618896,100,ACCEPT,
V (39).png,V,1,2x_clahe,0.9746135473251343,100,ACCEPT,
V (4).png,V,1,original,0.9950084090232849,100,ACCEPT,
V (40).png,V,1,original,0.9922147393226624,100,ACCEPT,
V (41).png,V,1,original,0.9935545921325684,100,ACCEPT,
V (42).png,V,1,3x,0.9876680374145508,100,ACCEPT,
V (5).png,V,0,,0,0,REJECT,el_bulunamadi
V (6).png,V,0,,0,0,REJECT,el_bulunamadi
V (61).png,V,2,2x_clahe,0.823730081319809,70,REVIEW,palm_cok_kucuk|spread_supheli
V (62).png,V,1,2x,0.9771618843078613,100,ACCEPT,
V (63).png,V,1,3x,0.6839936971664429,100,ACCEPT,
V (64).png,V,1,2x_clahe,0.9359089136123657,100,ACCEPT,
V (65).png,V,1,2x_clahe,0.9354838132858276,100,ACCEPT,
V (66).png,V,1,3x,0.7731999158859253,100,ACCEPT,
V (67).png,V,1,2x_clahe,0.9951823949813843,100,ACCEPT,
V (68).png,V,1,original,0.9373427629470825,100,ACCEPT,
V (69).png,V,1,2x_clahe,0.9360460042953491,100,ACCEPT,
V (7).png,V,1,original,0.9528151750564575,100,ACCEPT,
V (70).png,V,1,2x,0.911430835723877,100,ACCEPT,
V (71).png,V,1,2x,0.9425601959228516,100,ACCEPT,
V (72).png,V,1,2x,0.5917767286300659,100,ACCEPT,
V (73).png,V,1,3x,0.971411943435669,100,ACCEPT,
V (74).png,V,1,2x_clahe,0.9866787791252136,100,ACCEPT,
V (75).png,V,1,3x,0.9297074675559998,100,ACCEPT,
V (77).png,V,1,original,0.9350375533103943,50,REVIEW,spread_supheli|cok_fazla_border
V (78).png,V,1,original,0.6799722909927368,65,REVIEW,cok_fazla_border
V (79).png,V,0,,0,0,REJECT,el_bulunamadi
V (8).png,V,1,original,0.8324099779129028,100,ACCEPT,
V (80).png,V,0,,0,0,REJECT,el_bulunamadi
V (81).png,V,1,2x_clahe,0.7703728675842285,85,ACCEPT,spread_supheli
V (82).png,V,0,,0,0,REJECT,el_bulunamadi
V (83).png,V,1,original,0.8250208497047424,50,REVIEW,spread_supheli|cok_fazla_border
V (84).png,V,1,2x_clahe,0.9794172644615173,45,REJECT,landmark_alani_kucuk|dusuk_spread
V (85).png,V,0,,0,0,REJECT,el_bulunamadi
V (86).png,V,0,,0,0,REJECT,el_bulunamadi
V (87).png,V,1,original,0.911782443523407,100,ACCEPT,
V (88).png,V,0,,0,0,REJECT,el_bulunamadi
V (89).png,V,1,original,0.837302029132843,100,ACCEPT,
V (9).png,V,1,2x,0.9949358701705933,100,ACCEPT,
V (90).png,V,1,3x,0.9832094311714172,100,ACCEPT,
V (91).png,V,2,2x_clahe,0.7830225825309753,10,REJECT,landmark_alani_kucuk|dusuk_spread|cok_fazla_border
V (92).png,V,1,2x,0.9663843512535095,100,ACCEPT,
V (93).png,V,1,3x,0.963158369064331,100,ACCEPT,
V (94).png,V,1,3x,0.9653851985931396,100,ACCEPT,
V (95).png,V,1,2x_clahe,0.98383629322052,100,ACCEPT,
V (96).png,V,1,2x,0.9890176653862,100,ACCEPT,
V (97).png,V,1,3x,0.9906853437423706,100,ACCEPT,
V (98).png,V,1,2x_clahe_sharp,0.9933666586875916,100,ACCEPT,
V (99).png,V,1,2x,0.9899948835372925,100,ACCEPT,
Y (1).png,Y,0,,0,0,REJECT,el_bulunamadi
Y (10).png,Y,1,3x,0.6235001087188721,100,ACCEPT,
Y (100).png,Y,1,3x,0.8284721374511719,100,ACCEPT,
Y (101).png,Y,1,original,0.6947733163833618,100,ACCEPT,
Y (102).png,Y,1,original,0.932285487651825,100,ACCEPT,
Y (103).png,Y,1,2x,0.9100431799888611,100,ACCEPT,
Y (104).png,Y,1,3x,0.8814306259155273,100,ACCEPT,
Y (105).png,Y,1,2x_clahe,0.8404313325881958,100,ACCEPT,
Y (11).png,Y,1,original,0.6163745522499084,100,ACCEPT,
Y (12).png,Y,0,,0,0,REJECT,el_bulunamadi
Y (13).png,Y,1,original,0.8707382082939148,100,ACCEPT,
Y (14).png,Y,1,2x_clahe,0.8715636134147644,100,ACCEPT,
Y (15).png,Y,0,,0,0,REJECT,el_bulunamadi
Y (16).png,Y,1,original,0.9955973625183105,100,ACCEPT,
Y (17).png,Y,1,3x,0.9992217421531677,100,ACCEPT,
Y (18).png,Y,1,3x,0.9993252754211426,100,ACCEPT,
Y (19).png,Y,1,2x,0.9951155781745911,100,ACCEPT,
Y (2).png,Y,0,,0,0,REJECT,el_bulunamadi
Y (20).png,Y,1,original,0.9976786971092224,100,ACCEPT,
Y (21).png,Y,1,3x,0.9985231757164001,100,ACCEPT,
Y (22).png,Y,1,2x,0.999720573425293,100,ACCEPT,
Y (23).png,Y,1,2x_clahe,0.9997150301933289,100,ACCEPT,
Y (24).png,Y,1,2x,0.9997344613075256,100,ACCEPT,
Y (25).png,Y,1,2x_clahe,0.9955738186836243,100,ACCEPT,
Y (26).png,Y,0,,0,0,REJECT,el_bulunamadi
Y (27).png,Y,1,original,0.9982231259346008,100,ACCEPT,
Y (28).png,Y,1,2x,0.9915554523468018,100,ACCEPT,
Y (29).png,Y,1,3x,0.9988362789154053,100,ACCEPT,
Y (3).png,Y,0,,0,0,REJECT,el_bulunamadi
Y (30).png,Y,1,2x_clahe,0.9774828553199768,100,ACCEPT,
Y (31).png,Y,0,,0,0,REJECT,el_bulunamadi
Y (32).png,Y,0,,0,0,REJECT,el_bulunamadi
Y (33).png,Y,0,,0,0,REJECT,el_bulunamadi
Y (34).png,Y,0,,0,0,REJECT,el_bulunamadi
Y (35).png,Y,0,,0,0,REJECT,el_bulunamadi
Y (36).png,Y,0,,0,0,REJECT,el_bulunamadi
Y (37).png,Y,0,,0,0,REJECT,el_bulunamadi
Y (38).png,Y,0,,0,0,REJECT,el_bulunamadi
Y (39).png,Y,0,,0,0,REJECT,el_bulunamadi
Y (4).png,Y,1,3x,0.7845878005027771,100,ACCEPT,
Y (40).png,Y,1,original,0.5108388066291809,100,ACCEPT,
Y (41).png,Y,0,,0,0,REJECT,el_bulunamadi
Y (42).png,Y,1,original,0.9845227003097534,85,ACCEPT,spread_supheli
Y (43).png,Y,1,3x,0.929635763168335,100,ACCEPT,
Y (44).png,Y,0,,0,0,REJECT,el_bulunamadi
Y (45).png,Y,1,original,0.8651740550994873,100,ACCEPT,
Y (46).png,Y,1,original,0.9966519474983215,100,ACCEPT,
Y (47).png,Y,1,3x,0.9846722483634949,100,ACCEPT,
Y (48).png,Y,1,original,0.9923965930938721,100,ACCEPT,
Y (49).png,Y,1,original,0.8855656981468201,100,ACCEPT,
Y (5).png,Y,0,,0,0,REJECT,el_bulunamadi
Y (50).png,Y,1,2x_clahe,0.9815787076950073,10,REJECT,landmark_alani_kucuk|dusuk_spread|cok_fazla_border
Y (51).png,Y,0,,0,0,REJECT,el_bulunamadi
Y (52).png,Y,1,2x_clahe_sharp,0.9906234741210938,50,REVIEW,spread_supheli|cok_fazla_border
Y (53).png,Y,2,original,0.9444237053394318,50,REVIEW,spread_supheli|cok_fazla_border|spread_supheli|border_supheli
Y (54).png,Y,1,original,0.8982661366462708,100,ACCEPT,
Y (55).png,Y,0,,0,0,REJECT,el_bulunamadi
Y (56).png,Y,1,2x_clahe,0.963502824306488,100,ACCEPT,
Y (57).png,Y,1,2x_clahe,0.989373505115509,100,ACCEPT,
Y (58).png,Y,1,2x,0.9002916216850281,100,ACCEPT,
Y (59).png,Y,1,3x,0.9924229383468628,100,ACCEPT,
Y (6).png,Y,0,,0,0,REJECT,el_bulunamadi
Y (60).png,Y,1,2x_clahe,0.9654764533042908,100,ACCEPT,
Y (61).png,Y,1,2x,0.5745468139648438,100,ACCEPT,
Y (62).png,Y,1,3x,0.7810932993888855,100,ACCEPT,
Y (63).png,Y,1,2x_clahe,0.767538845539093,100,ACCEPT,
Y (64).png,Y,1,2x,0.8204439282417297,100,ACCEPT,
Y (65).png,Y,1,3x,0.9008895754814148,100,ACCEPT,
Y (66).png,Y,1,original,0.8393137454986572,100,ACCEPT,
Y (67).png,Y,0,,0,0,REJECT,el_bulunamadi
Y (68).png,Y,0,,0,0,REJECT,el_bulunamadi
Y (69).png,Y,0,,0,0,REJECT,el_bulunamadi
Y (7).png,Y,0,,0,0,REJECT,el_bulunamadi
Y (70).png,Y,1,original,0.911139726638794,100,ACCEPT,
Y (71).png,Y,1,2x,0.8823990225791931,100,ACCEPT,
Y (72).png,Y,1,3x,0.8632664084434509,100,ACCEPT,
Y (73).png,Y,1,original,0.8462163209915161,100,ACCEPT,
Y (74).png,Y,1,original,0.6909471750259399,100,ACCEPT,
Y (75).png,Y,1,2x,0.9574366211891174,100,ACCEPT,
Y (77).png,Y,1,2x_clahe,0.855108380317688,85,ACCEPT,spread_supheli
Y (78).png,Y,0,,0,0,REJECT,el_bulunamadi
Y (79).png,Y,1,2x,0.9908350706100464,100,ACCEPT,
Y (8).png,Y,0,,0,0,REJECT,el_bulunamadi
Y (80).png,Y,0,,0,0,REJECT,el_bulunamadi
Y (81).png,Y,0,,0,0,REJECT,el_bulunamadi
Y (82).png,Y,1,original,0.9887171387672424,100,ACCEPT,
Y (83).png,Y,1,3x,0.9801759719848633,100,ACCEPT,
Y (84).png,Y,2,original,0.9166181683540344,85,ACCEPT,spread_supheli
Y (85).png,Y,1,2x,0.9716547727584839,100,ACCEPT,
Y (86).png,Y,1,original,0.9513978958129883,100,ACCEPT,
Y (87).png,Y,1,3x,0.910537600517273,100,ACCEPT,
Y (88).png,Y,1,3x,0.9807332754135132,100,ACCEPT,
Y (89).png,Y,1,original,0.9873551726341248,100,ACCEPT,
Y (9).png,Y,0,,0,0,REJECT,el_bulunamadi
Y (90).png,Y,1,3x,0.9679422378540039,100,ACCEPT,
Y (91).png,Y,1,original,0.951968789100647,100,ACCEPT,
Y (92).png,Y,1,2x,0.8025115132331848,100,ACCEPT,
Y (93).png,Y,0,,0,0,REJECT,el_bulunamadi
Y (94).png,Y,1,3x,0.9264907836914062,100,ACCEPT,
Y (95).png,Y,1,2x_clahe,0.8910167813301086,100,ACCEPT,
Y (96).png,Y,1,2x_clahe,0.8773340582847595,100,ACCEPT,
Y (97).png,Y,1,2x_clahe,0.6880077719688416,100,ACCEPT,
Y (98).png,Y,1,2x,0.9276784658432007,100,ACCEPT,
Y (99).png,Y,0,,0,0,REJECT,el_bulunamadi
Z (1).png,Z,0,,0,0,REJECT,el_bulunamadi
Z (10).png,Z,1,2x,0.9942660927772522,100,ACCEPT,
Z (100).png,Z,0,,0,0,REJECT,el_bulunamadi
Z (101).png,Z,1,3x,0.8562912940979004,55,REVIEW,spread_supheli|eklemler_yigilmis
Z (102).png,Z,1,2x_clahe,0.9066922068595886,55,REVIEW,spread_supheli|palm_cok_kucuk
Z (103).png,Z,0,,0,0,REJECT,el_bulunamadi
Z (104).png,Z,0,,0,0,REJECT,el_bulunamadi
Z (105).png,Z,0,,0,0,REJECT,el_bulunamadi
Z (11).png,Z,1,original,0.9973548650741577,100,ACCEPT,
Z (12).png,Z,1,original,0.9973259568214417,100,ACCEPT,
Z (13).png,Z,0,,0,0,REJECT,el_bulunamadi
Z (14).png,Z,1,3x,0.9895877242088318,100,ACCEPT,
Z (15).png,Z,0,,0,0,REJECT,el_bulunamadi
Z (16).png,Z,1,original,0.9971835613250732,100,ACCEPT,
Z (17).png,Z,1,original,0.9982901811599731,100,ACCEPT,
Z (18).png,Z,1,2x,0.9986052513122559,100,ACCEPT,
Z (19).png,Z,1,original,0.9872400164604187,100,ACCEPT,
Z (2).png,Z,0,,0,0,REJECT,el_bulunamadi
Z (20).png,Z,1,original,0.997825026512146,100,ACCEPT,
Z (21).png,Z,1,original,0.9976080656051636,100,ACCEPT,
Z (22).png,Z,1,3x,0.996998131275177,100,ACCEPT,
Z (23).png,Z,1,original,0.9954102635383606,100,ACCEPT,
Z (24).png,Z,0,,0,0,REJECT,el_bulunamadi
Z (25).png,Z,1,original,0.9981361627578735,100,ACCEPT,
Z (26).png,Z,1,2x,0.99509596824646,100,ACCEPT,
Z (27).png,Z,2,original,0.91518434882164,65,REVIEW,cok_fazla_border
Z (28).png,Z,2,original,0.9433952271938324,65,REVIEW,cok_fazla_border
Z (29).png,Z,2,original,0.9290140569210052,85,ACCEPT,border_supheli
Z (3).png,Z,0,,0,0,REJECT,el_bulunamadi
Z (30).png,Z,1,2x,0.9982140064239502,100,ACCEPT,
Z (31).png,Z,2,original,0.9773766696453094,100,ACCEPT,
Z (32).png,Z,1,2x_clahe,0.9972559809684753,100,ACCEPT,
Z (33).png,Z,2,original,0.7989715039730072,100,ACCEPT,
Z (34).png,Z,2,original,0.9670011401176453,100,ACCEPT,
Z (35).png,Z,2,original,0.9885808527469635,100,ACCEPT,
Z (36).png,Z,2,original,0.9908751845359802,100,ACCEPT,
Z (37).png,Z,2,original,0.9906894564628601,100,ACCEPT,
Z (38).png,Z,1,3x,0.9990251064300537,100,ACCEPT,
Z (39).png,Z,2,original,0.9751189649105072,100,ACCEPT,
Z (4).png,Z,0,,0,0,REJECT,el_bulunamadi
Z (40).png,Z,2,original,0.9772701859474182,100,ACCEPT,
Z (41).png,Z,1,original,0.9934031367301941,100,ACCEPT,
Z (42).png,Z,2,original,0.8768658339977264,100,ACCEPT,
Z (43).png,Z,1,3x,0.9970310926437378,100,ACCEPT,
Z (44).png,Z,1,original,0.9981228113174438,100,ACCEPT,
Z (45).png,Z,1,original,0.998790442943573,100,ACCEPT,
Z (46).png,Z,2,original,0.9427208304405212,85,ACCEPT,border_supheli
Z (47).png,Z,1,original,0.976110577583313,100,ACCEPT,
Z (48).png,Z,2,original,0.9224851131439209,85,ACCEPT,border_supheli
Z (49).png,Z,1,original,0.9445483088493347,100,ACCEPT,
Z (5).png,Z,0,,0,0,REJECT,el_bulunamadi
Z (50).png,Z,1,2x,0.9396130442619324,100,ACCEPT,
Z (51).png,Z,1,2x,0.9811829328536987,100,ACCEPT,
Z (52).png,Z,2,original,0.8832108974456787,85,ACCEPT,border_supheli
Z (53).png,Z,2,2x,0.8984976410865784,85,ACCEPT,border_supheli
Z (54).png,Z,1,original,0.95599365234375,100,ACCEPT,
Z (55).png,Z,1,2x,0.9044387936592102,100,ACCEPT,
Z (56).png,Z,1,3x,0.9398138523101807,100,ACCEPT,
Z (57).png,Z,2,original,0.9260678887367249,85,ACCEPT,border_supheli
Z (58).png,Z,1,original,0.9553425312042236,100,ACCEPT,
Z (59).png,Z,0,,0,0,REJECT,el_bulunamadi
Z (6).png,Z,0,,0,0,REJECT,el_bulunamadi
Z (60).png,Z,1,3x,0.777011513710022,100,ACCEPT,
Z (61).png,Z,0,,0,0,REJECT,el_bulunamadi
Z (62).png,Z,0,,0,0,REJECT,el_bulunamadi
Z (63).png,Z,0,,0,0,REJECT,el_bulunamadi
Z (64).png,Z,1,3x,0.9186656475067139,100,ACCEPT,
Z (65).png,Z,1,original,0.9966763257980347,100,ACCEPT,
Z (66).png,Z,2,original,0.768187940120697,100,ACCEPT,
Z (67).png,Z,0,,0,0,REJECT,el_bulunamadi
Z (68).png,Z,0,,0,0,REJECT,el_bulunamadi
Z (69).png,Z,1,3x,0.9965155124664307,100,ACCEPT,
Z (7).png,Z,0,,0,0,REJECT,el_bulunamadi
Z (70).png,Z,1,3x,0.8010929226875305,100,ACCEPT,
Z (71).png,Z,0,,0,0,REJECT,el_bulunamadi
Z (72).png,Z,1,original,0.579597532749176,100,ACCEPT,
Z (73).png,Z,2,original,0.9868472516536713,100,ACCEPT,
Z (74).png,Z,2,original,0.9906638860702515,100,ACCEPT,
Z (75).png,Z,2,original,0.9728613495826721,85,ACCEPT,border_supheli
Z (77).png,Z,0,,0,0,REJECT,el_bulunamadi
Z (78).png,Z,1,2x,0.9820588827133179,45,REJECT,landmark_alani_kucuk|dusuk_spread
Z (79).png,Z,0,,0,0,REJECT,el_bulunamadi
Z (8).png,Z,0,,0,0,REJECT,el_bulunamadi
Z (80).png,Z,1,original,0.9446001052856445,45,REJECT,landmark_alani_kucuk|dusuk_spread
Z (81).png,Z,1,2x_clahe_sharp,0.7656922340393066,100,ACCEPT,
Z (82).png,Z,0,,0,0,REJECT,el_bulunamadi
Z (83).png,Z,0,,0,0,REJECT,el_bulunamadi
Z (84).png,Z,0,,0,0,REJECT,el_bulunamadi
Z (85).png,Z,0,,0,0,REJECT,el_bulunamadi
Z (86).png,Z,0,,0,0,REJECT,el_bulunamadi
Z (87).png,Z,0,,0,0,REJECT,el_bulunamadi
Z (88).png,Z,1,2x_clahe,0.6285327672958374,65,REVIEW,dusuk_spread
Z (89).png,Z,1,3x,0.9645702242851257,45,REJECT,landmark_alani_kucuk|dusuk_spread
Z (9).png,Z,0,,0,0,REJECT,el_bulunamadi
Z (90).png,Z,0,,0,0,REJECT,el_bulunamadi
Z (91).png,Z,1,2x,0.9924321174621582,100,ACCEPT,
Z (92).png,Z,0,,0,0,REJECT,el_bulunamadi
Z (93).png,Z,1,3x,0.9903891086578369,100,ACCEPT,
Z (94).png,Z,0,,0,0,REJECT,el_bulunamadi
Z (95).png,Z,1,3x,0.9918841123580933,100,ACCEPT,
Z (96).png,Z,1,3x,0.9765076041221619,100,ACCEPT,
Z (97).png,Z,1,original,0.9987148642539978,100,ACCEPT,
Z (98).png,Z,0,,0,0,REJECT,el_bulunamadi
Z (99).png,Z,0,,0,0,REJECT,el_bulunamadi
_ (1).png,_,1,2x_clahe,0.9894030094146729,100,ACCEPT,
_ (10).png,_,1,2x,0.989703893661499,100,ACCEPT,
_ (100).png,_,2,original,0.9955008029937744,100,ACCEPT,
_ (101).png,_,2,original,0.9960029125213623,100,ACCEPT,
_ (102).png,_,2,original,0.9950449466705322,100,ACCEPT,
_ (103).png,_,2,original,0.996400773525238,100,ACCEPT,
_ (104).png,_,2,original,0.9929669797420502,100,ACCEPT,
_ (105).png,_,2,original,0.9944411516189575,100,ACCEPT,
_ (11).png,_,1,3x,0.9864766001701355,100,ACCEPT,
_ (12).png,_,2,original,0.9848918318748474,100,ACCEPT,
_ (13).png,_,1,3x,0.9929657578468323,100,ACCEPT,
_ (14).png,_,0,,0,0,REJECT,el_bulunamadi
_ (15).png,_,0,,0,0,REJECT,el_bulunamadi
_ (16).png,_,1,2x,0.9468475580215454,100,ACCEPT,
_ (17).png,_,1,3x,0.9708015322685242,100,ACCEPT,
_ (18).png,_,1,original,0.9476855397224426,100,ACCEPT,
_ (19).png,_,1,2x_clahe,0.9956638813018799,100,ACCEPT,
_ (2).png,_,1,2x_clahe_sharp,0.9918584823608398,100,ACCEPT,
_ (20).png,_,1,2x,0.9920371174812317,100,ACCEPT,
_ (21).png,_,1,2x_clahe_sharp,0.9904897212982178,100,ACCEPT,
_ (22).png,_,1,2x,0.989870548248291,100,ACCEPT,
_ (23).png,_,1,3x,0.9971274137496948,100,ACCEPT,
_ (24).png,_,2,original,0.9899201989173889,100,ACCEPT,
_ (25).png,_,1,3x,0.9860060811042786,100,ACCEPT,
_ (26).png,_,1,2x_clahe_sharp,0.994744598865509,100,ACCEPT,
_ (27).png,_,1,original,0.9835940599441528,100,ACCEPT,
_ (28).png,_,2,2x_clahe,0.9951795935630798,100,ACCEPT,
_ (29).png,_,1,3x,0.9930988550186157,100,ACCEPT,
_ (3).png,_,1,original,0.9918085336685181,100,ACCEPT,
_ (30).png,_,1,2x_clahe_sharp,0.9941002130508423,100,ACCEPT,
_ (31).png,_,1,2x,0.8537260293960571,85,ACCEPT,spread_supheli
_ (32).png,_,0,,0,0,REJECT,el_bulunamadi
_ (33).png,_,0,,0,0,REJECT,el_bulunamadi
_ (34).png,_,0,,0,0,REJECT,el_bulunamadi
_ (35).png,_,0,,0,0,REJECT,el_bulunamadi
_ (36).png,_,1,2x,0.7474445104598999,100,ACCEPT,
_ (37).png,_,1,original,0.9990061521530151,100,ACCEPT,
_ (38).png,_,1,3x,0.9993656277656555,100,ACCEPT,
_ (39).png,_,0,,0,0,REJECT,el_bulunamadi
_ (4).png,_,2,original,0.9730067253112793,100,ACCEPT,
_ (40).png,_,1,original,0.9820445775985718,100,ACCEPT,
_ (41).png,_,0,,0,0,REJECT,el_bulunamadi
_ (42).png,_,1,2x,0.9983633756637573,100,ACCEPT,
_ (43).png,_,1,original,0.9982917904853821,100,ACCEPT,
_ (44).png,_,1,original,0.996739387512207,100,ACCEPT,
_ (45).png,_,1,2x,0.9878523945808411,100,ACCEPT,
_ (46).png,_,2,original,0.9948097169399261,100,ACCEPT,
_ (47).png,_,2,2x_clahe,0.9836909174919128,100,ACCEPT,
_ (48).png,_,2,2x_clahe,0.9730574190616608,100,ACCEPT,
_ (49).png,_,1,2x,0.990973711013794,100,ACCEPT,
_ (5).png,_,1,2x,0.9918371438980103,100,ACCEPT,
_ (50).png,_,1,original,0.9947566986083984,100,ACCEPT,
_ (51).png,_,2,2x_clahe,0.861228883266449,100,ACCEPT,
_ (52).png,_,2,original,0.9232587814331055,100,ACCEPT,
_ (53).png,_,2,2x_clahe,0.9826101362705231,100,ACCEPT,
_ (54).png,_,1,2x_clahe,0.994005024433136,100,ACCEPT,
_ (55).png,_,1,2x_clahe,0.9971352815628052,100,ACCEPT,
_ (56).png,_,1,2x,0.9934062957763672,100,ACCEPT,
_ (57).png,_,2,2x_clahe,0.8467590510845184,100,ACCEPT,
_ (58).png,_,2,original,0.993312269449234,100,ACCEPT,
_ (59).png,_,2,2x_clahe,0.9800443649291992,100,ACCEPT,
_ (6).png,_,1,3x,0.9603703022003174,100,ACCEPT,
_ (60).png,_,2,2x_clahe,0.9841532707214355,100,ACCEPT,
_ (61).png,_,1,3x,0.9983702898025513,100,ACCEPT,
_ (62).png,_,1,original,0.9994200468063354,100,ACCEPT,
_ (63).png,_,1,2x,0.9987085461616516,100,ACCEPT,
_ (64).png,_,2,2x,0.9986734986305237,100,ACCEPT,
_ (65).png,_,2,original,0.9982907176017761,100,ACCEPT,
_ (66).png,_,1,2x,0.9982190132141113,100,ACCEPT,
_ (67).png,_,1,2x,0.9990763068199158,100,ACCEPT,
_ (68).png,_,2,original,0.7761973440647125,100,ACCEPT,
_ (69).png,_,1,2x,0.9983106255531311,100,ACCEPT,
_ (7).png,_,1,2x,0.9903915524482727,100,ACCEPT,
_ (70).png,_,2,original,0.9987412691116333,100,ACCEPT,
_ (71).png,_,1,3x,0.9983670711517334,100,ACCEPT,
_ (72).png,_,1,original,0.9988797903060913,100,ACCEPT,
_ (73).png,_,2,original,0.9962258338928223,100,ACCEPT,
_ (74).png,_,1,2x_clahe,0.996485710144043,100,ACCEPT,
_ (75).png,_,2,original,0.9985444247722626,100,ACCEPT,
_ (77).png,_,1,2x,0.998704195022583,100,ACCEPT,
_ (78).png,_,1,3x,0.9993584156036377,100,ACCEPT,
_ (79).png,_,1,original,0.9995672702789307,100,ACCEPT,
_ (8).png,_,1,2x,0.9924631118774414,100,ACCEPT,
_ (80).png,_,1,3x,0.9977680444717407,100,ACCEPT,
_ (81).png,_,1,original,0.9981487393379211,100,ACCEPT,
_ (82).png,_,1,3x,0.9990649819374084,100,ACCEPT,
_ (83).png,_,1,2x,0.9988003373146057,100,ACCEPT,
_ (84).png,_,1,original,0.9981657266616821,100,ACCEPT,
_ (85).png,_,1,3x,0.9988853931427002,100,ACCEPT,
_ (86).png,_,1,2x,0.9986394643783569,100,ACCEPT,
_ (87).png,_,1,2x,0.9976200461387634,100,ACCEPT,
_ (88).png,_,1,3x,0.997983455657959,100,ACCEPT,
_ (89).png,_,1,3x,0.9984979033470154,100,ACCEPT,
_ (9).png,_,1,2x_clahe,0.9935265183448792,100,ACCEPT,
_ (90).png,_,1,original,0.9985174536705017,100,ACCEPT,
_ (91).png,_,2,original,0.9960816502571106,100,ACCEPT,
_ (92).png,_,2,original,0.9974308907985687,100,ACCEPT,
_ (93).png,_,2,original,0.9934045672416687,100,ACCEPT,
_ (94).png,_,2,original,0.9948107004165649,100,ACCEPT,
_ (95).png,_,2,original,0.9938722252845764,100,ACCEPT,
_ (96).png,_,2,original,0.9953449368476868,100,ACCEPT,
_ (97).png,_,2,original,0.9957331717014313,100,ACCEPT,
_ (98).png,_,2,original,0.9970071613788605,100,ACCEPT,
_ (99).png,_,2,original,0.9941184520721436,100,ACCEPT,
